対象日,ポスト日,区分,機種,示唆ワード,連想経路,プラス台数,設置台数,平均差枚,記事URL,ポストURL
2026-02-21,2026-02-21,末尾・設置・記念日など,1台設置機種,初日,初日→1日目→1台機種,,,,https://sloslo-blog.hatenablog.com/entry/2026/02/22/083956,https://twitter.com/endo1maruhan/status/2025171211911868576
2026-02-22,2026-02-21,末尾・設置・記念日など,2台設置機種,店長就任2日目,店長就任2日目,,,,https://sloslo-blog.hatenablog.com/entry/2026/02/23/082236,https://twitter.com/endo1maruhan/status/2025171211911868576
2026-02-22,2026-02-21,機種,Sカバネリ,新エリア長トッティ就任,新エリア長トッティ就任→トッティ🔟→10台設置機種,9,10,2540,https://sloslo-blog.hatenablog.com/entry/2026/02/23/082236,https://twitter.com/endo1maruhan/status/2025171211911868576
2026-02-22,2026-02-21,機種,からくり,サンデー,サンデー→週刊少年サンデー→からくり,4,9,1011,https://sloslo-blog.hatenablog.com/entry/2026/02/23/082236,https://twitter.com/endo1maruhan/status/2025171211911868576
2026-02-22,2026-02-21,機種,マイジャグV,ごはん屋,ごはん屋→米→マイ,44,48,2938,https://sloslo-blog.hatenablog.com/entry/2026/02/23/082236,https://twitter.com/endo1maruhan/status/2025171211911868576
2026-02-22,2026-02-21,機種,マイジャグV,サンデー,サンデー→3DAY→3日連続全,44,48,2938,https://sloslo-blog.hatenablog.com/entry/2026/02/23/082236,https://twitter.com/endo1maruhan/status/2025171211911868576
2026-02-22,2026-02-21,機種,ミスタージャグラー,行ったり来たりしていまいましたが,行ったり来たりしていまいましたが→誤字→ミス→ミスター,,,,https://sloslo-blog.hatenablog.com/entry/2026/02/23/082236,https://twitter.com/endo1maruhan/status/2025171211911868576
2026-02-23,2026-02-22,末尾・設置・記念日など,3台設置機種,就任3日目23日,就任3日目23日→3台機8機種全て,,,,https://sloslo-blog.hatenablog.com/entry/2026/02/24/081020,https://twitter.com/endo1maruhan/status/2025533623492132910
2026-02-23,2026-02-22,末尾・設置・記念日など,3台設置機種,玉数上回る,玉数上回る→3玉まで無料→3玉→3台機種,,,,https://sloslo-blog.hatenablog.com/entry/2026/02/24/081020,https://twitter.com/endo1maruhan/status/2025533623492132910
2026-02-23,2026-02-22,機種,Sカバネリ,引き継ぎ期間,引き継ぎ期間→期間→機関車→カバネリ,9,10,2910,https://sloslo-blog.hatenablog.com/entry/2026/02/24/081020,https://twitter.com/endo1maruhan/status/2025533623492132910
2026-02-23,2026-02-22,機種,いざ番長,2月23日,2月23日→富士山の日→番長,7,10,2950,https://sloslo-blog.hatenablog.com/entry/2026/02/24/081020,https://twitter.com/endo1maruhan/status/2025533623492132910
2026-02-23,2026-02-22,機種,いざ番長,玉数,玉数→玉,7,10,2950,https://sloslo-blog.hatenablog.com/entry/2026/02/24/081020,https://twitter.com/endo1maruhan/status/2025533623492132910
2026-02-23,2026-02-22,機種,ウルミラ,つるとんたん,つるとんたん→たん→ベコたん→ミラクル,5,5,2980,https://sloslo-blog.hatenablog.com/entry/2026/02/24/081020,https://twitter.com/endo1maruhan/status/2025533623492132910
2026-02-23,2026-02-22,機種,グランベルム,つるとんたん,つるとんたん→とん→豚→グランベルム,2,2,3750,https://sloslo-blog.hatenablog.com/entry/2026/02/24/081020,https://twitter.com/endo1maruhan/status/2025533623492132910
2026-02-23,2026-02-22,機種,ジャグラーガールズ,感激,感激→ヒデキ感激→サイ城ヒデキ→サイ→ツノっち,5,6,1383,https://sloslo-blog.hatenablog.com/entry/2026/02/24/081020,https://twitter.com/endo1maruhan/status/2025533623492132910
2026-02-23,2026-02-22,機種,ハッピー,2月23日,2月23日→天皇誕生日→祝日→ハッピー,4,5,2560,https://sloslo-blog.hatenablog.com/entry/2026/02/24/081020,https://twitter.com/endo1maruhan/status/2025533623492132910
2026-02-23,2026-02-22,機種,マイジャグV,米＆上回る,米＆上回る→マイジャグ4日目,,,,https://sloslo-blog.hatenablog.com/entry/2026/02/24/081020,https://twitter.com/endo1maruhan/status/2025533623492132910
2026-02-24,2026-02-23,機種,SBJ,増台機種,増台機種,4,6,1350,https://sloslo-blog.hatenablog.com/entry/2026/02/25/073833,https://twitter.com/endo1maruhan/status/2025896022703210821
2026-02-24,2026-02-23,機種,SBJ,たこ焼き,たこ焼き→トランプゲームの「たこやき」→トランプ,4,6,1350,https://sloslo-blog.hatenablog.com/entry/2026/02/25/073833,https://twitter.com/endo1maruhan/status/2025896022703210821
2026-02-24,2026-02-23,機種,Sこのすば,帳消し,帳消し→水の泡→水,1,2,450,https://sloslo-blog.hatenablog.com/entry/2026/02/25/073833,https://twitter.com/endo1maruhan/status/2025896022703210821
2026-02-24,2026-02-23,機種,Sこのすば,タコ,タコ→多幸,1,2,450,https://sloslo-blog.hatenablog.com/entry/2026/02/25/073833,https://twitter.com/endo1maruhan/status/2025896022703210821
2026-02-24,2026-02-23,機種,ToLOVEる,就任4日目,就任4日目→4台機種,2,4,675,https://sloslo-blog.hatenablog.com/entry/2026/02/25/073833,https://twitter.com/endo1maruhan/status/2025896022703210821
2026-02-24,2026-02-23,機種,ToLOVEる,ちゃんと焼きそばも注文,ちゃんと焼きそばも注文→写真なし→トラブル,2,4,675,https://sloslo-blog.hatenablog.com/entry/2026/02/25/073833,https://twitter.com/endo1maruhan/status/2025896022703210821
2026-02-24,2026-02-23,機種,モンキーV,舟型の皿,舟型の皿→舟,21,24,3833,https://sloslo-blog.hatenablog.com/entry/2026/02/25/073833,https://twitter.com/endo1maruhan/status/2025896022703210821
2026-02-24,2026-02-23,機種,戦国乙女4,就任4日目,就任4日目→4台機種,2,4,3300,https://sloslo-blog.hatenablog.com/entry/2026/02/25/073833,https://twitter.com/endo1maruhan/status/2025896022703210821
2026-02-24,2026-02-23,機種,東リベ,たこやき8個入り,たこやき8個入り→８台機種,8,8,5475,https://sloslo-blog.hatenablog.com/entry/2026/02/25/073833,https://twitter.com/endo1maruhan/status/2025896022703210821
2026-02-24,2026-02-23,機種,東リベ,早朝,早朝→総長→マイキー,8,8,5475,https://sloslo-blog.hatenablog.com/entry/2026/02/25/073833,https://twitter.com/endo1maruhan/status/2025896022703210821
2026-02-24,2026-02-23,機種,銀河英雄伝説,銀だこ,銀だこ→銀,,,,https://sloslo-blog.hatenablog.com/entry/2026/02/25/073833,https://twitter.com/endo1maruhan/status/2025896022703210821
2026-02-25,2026-02-24,機種,ウルミラ,就任5日目,就任5日目→5台機種,5,5,2160,https://sloslo-blog.hatenablog.com/entry/2026/02/26/080056,https://twitter.com/endo1maruhan/status/2026258411705528624
2026-02-25,2026-02-24,機種,ウルミラ,カスタード,カスタード→スター,5,5,2160,https://sloslo-blog.hatenablog.com/entry/2026/02/26/080056,https://twitter.com/endo1maruhan/status/2026258411705528624
2026-02-25,2026-02-24,機種,ウルミラ,ハッピーロード,ハッピーロード→ハッピーの列,5,5,2160,https://sloslo-blog.hatenablog.com/entry/2026/02/26/080056,https://twitter.com/endo1maruhan/status/2026258411705528624
2026-02-25,2026-02-24,機種,ジャグラーガールズ,就任4日目,就任4日目→4台機種＆④,6,6,2267,https://sloslo-blog.hatenablog.com/entry/2026/02/26/080056,https://twitter.com/endo1maruhan/status/2026258411705528624
2026-02-25,2026-02-24,機種,ジャグラーガールズ,ハッピーロード,ハッピーロード→ハッピーの列,6,6,2267,https://sloslo-blog.hatenablog.com/entry/2026/02/26/080056,https://twitter.com/endo1maruhan/status/2026258411705528624
2026-02-25,2026-02-24,機種,ニューキンハナ,就任5日目,就任5日目→5台機種,5,5,3320,https://sloslo-blog.hatenablog.com/entry/2026/02/26/080056,https://twitter.com/endo1maruhan/status/2026258411705528624
2026-02-25,2026-02-24,機種,ニューキンハナ,トリスタキング,トリスタキング→キング,5,5,3320,https://sloslo-blog.hatenablog.com/entry/2026/02/26/080056,https://twitter.com/endo1maruhan/status/2026258411705528624
2026-02-25,2026-02-24,機種,ハッピー,就任5日目,就任5日目→5台機種,5,5,2380,https://sloslo-blog.hatenablog.com/entry/2026/02/26/080056,https://twitter.com/endo1maruhan/status/2026258411705528624
2026-02-25,2026-02-24,機種,ハッピー,ハッピーロード,ハッピーロード→ハッピーの列,5,5,2380,https://sloslo-blog.hatenablog.com/entry/2026/02/26/080056,https://twitter.com/endo1maruhan/status/2026258411705528624
2026-02-25,2026-02-24,機種,ミスタージャグラー,就任5日目,就任5日目→5台機種,3,5,1360,https://sloslo-blog.hatenablog.com/entry/2026/02/26/080056,https://twitter.com/endo1maruhan/status/2026258411705528624
2026-02-25,2026-02-24,機種,ミスタージャグラー,カスタード,カスタード→スター,3,5,1360,https://sloslo-blog.hatenablog.com/entry/2026/02/26/080056,https://twitter.com/endo1maruhan/status/2026258411705528624
2026-02-25,2026-02-24,機種,ミスタージャグラー,おしながき,おしながき→背景黒で５種→黒筐体、5台,3,5,1360,https://sloslo-blog.hatenablog.com/entry/2026/02/26/080056,https://twitter.com/endo1maruhan/status/2026258411705528624
2026-02-25,2026-02-24,機種,ミスタージャグラー,ハッピーロード,ハッピーロード→ハッピーの列,3,5,1360,https://sloslo-blog.hatenablog.com/entry/2026/02/26/080056,https://twitter.com/endo1maruhan/status/2026258411705528624
2026-02-25,2026-02-24,機種,化物語,就任5日目,就任5日目→5台機種,2,5,820,https://sloslo-blog.hatenablog.com/entry/2026/02/26/080056,https://twitter.com/endo1maruhan/status/2026258411705528624
2026-02-25,2026-02-24,機種,化物語,ハッピーロード,ハッピーロード→倖時間ハッピータイム,2,5,820,https://sloslo-blog.hatenablog.com/entry/2026/02/26/080056,https://twitter.com/endo1maruhan/status/2026258411705528624
2026-02-25,2026-02-24,機種,戦国恋姫,さつまいも,さつまいも→さ妻→妻→俺の嫁カスタム,,,,https://sloslo-blog.hatenablog.com/entry/2026/02/26/080056,https://twitter.com/endo1maruhan/status/2026258411705528624
2026-02-25,2026-02-24,機種,攻殻機動隊,就任5日目,就任5日目→5台機種,2,5,-780,https://sloslo-blog.hatenablog.com/entry/2026/02/26/080056,https://twitter.com/endo1maruhan/status/2026258411705528624
2026-02-25,2026-02-24,機種,番長ZERO,いただきso good,いただきso good→頂,2,2,4750,https://sloslo-blog.hatenablog.com/entry/2026/02/26/080056,https://twitter.com/endo1maruhan/status/2026258411705528624
2026-02-25,2026-02-24,機種,秘宝伝,就任5日目,就任5日目→5台機種,5,5,4980,https://sloslo-blog.hatenablog.com/entry/2026/02/26/080056,https://twitter.com/endo1maruhan/status/2026258411705528624
2026-02-25,2026-02-24,機種,鏡,いただきso good,いただきso good→頂,,,,https://sloslo-blog.hatenablog.com/entry/2026/02/26/080056,https://twitter.com/endo1maruhan/status/2026258411705528624
2026-02-25,2026-02-24,機種,防振り,就任5日目,就任5日目→5台機種,4,5,1940,https://sloslo-blog.hatenablog.com/entry/2026/02/26/080056,https://twitter.com/endo1maruhan/status/2026258411705528624
2026-02-26,2026-02-25,機種,1000ちゃん,からあげプラス,からあげプラス→トッピング→プラスアルファ,,,,https://sloslo-blog.hatenablog.com/entry/2026/02/27/082614,https://twitter.com/endo1maruhan/status/2026620775046979744
2026-02-26,2026-02-25,機種,かぐや様,雨,雨→傘→相合傘,14,16,5519,https://sloslo-blog.hatenablog.com/entry/2026/02/27/082614,https://twitter.com/endo1maruhan/status/2026620775046979744
2026-02-26,2026-02-25,末尾・設置・記念日など,アナザー末尾⑤,マラソン,マラソン→42.195km→末尾⑤,,,,https://sloslo-blog.hatenablog.com/entry/2026/02/27/082614,https://twitter.com/endo1maruhan/status/2026620775046979744
2026-02-26,2026-02-25,機種,クレアBT,交通規制,交通規制→悲報→秘宝,4,4,4700,https://sloslo-blog.hatenablog.com/entry/2026/02/27/082614,https://twitter.com/endo1maruhan/status/2026620775046979744
2026-02-26,2026-02-25,機種,戦国恋姫,からあげ,からあげ→鶏→ヤタガラス,,,,https://sloslo-blog.hatenablog.com/entry/2026/02/27/082614,https://twitter.com/endo1maruhan/status/2026620775046979744
2026-02-27,2026-02-26,機種,アイム,31分投稿,31分投稿→サイ→ツノっち→Sアイム,11,11,2545,https://sloslo-blog.hatenablog.com/entry/2026/02/28/085015,https://twitter.com/endo1maruhan/status/2026983366348673079
2026-02-27,2026-02-26,機種,マンキン,人気ランキング,人気ランキング→キング→シャーマンキング,1,2,3450,https://sloslo-blog.hatenablog.com/entry/2026/02/28/085015,https://twitter.com/endo1maruhan/status/2026983366348673079
2026-02-27,2026-02-26,機種,モンハンライズ,27日,27日→7まつわる→7台設置機種,5,7,2857,https://sloslo-blog.hatenablog.com/entry/2026/02/28/085015,https://twitter.com/endo1maruhan/status/2026983366348673079
2026-02-27,2026-02-26,機種,ヴヴヴ,マリエ誕生日,マリエ誕生日,5,7,5129,https://sloslo-blog.hatenablog.com/entry/2026/02/28/085015,https://twitter.com/endo1maruhan/status/2026983366348673079
2026-02-27,2026-02-26,機種,ヴヴヴ,27日,27日→7まつわる→7台設置機種,5,7,5129,https://sloslo-blog.hatenablog.com/entry/2026/02/28/085015,https://twitter.com/endo1maruhan/status/2026983366348673079
2026-02-27,2026-02-26,機種,東京喰種,少食多噛,少食多噛→噛む→バイツ,22,28,3479,https://sloslo-blog.hatenablog.com/entry/2026/02/28/085015,https://twitter.com/endo1maruhan/status/2026983366348673079
2026-02-27,2026-02-26,機種,銭形5,鶏生姜焼き,鶏生姜焼き→5位→銭形5,3,3,3120,https://sloslo-blog.hatenablog.com/entry/2026/02/28/085015,https://twitter.com/endo1maruhan/status/2026983366348673079
2026-02-27,2026-02-26,機種,鏡,米,米→アメリカ→鏡,,,,https://sloslo-blog.hatenablog.com/entry/2026/02/28/085015,https://twitter.com/endo1maruhan/status/2026983366348673079
2026-02-27,2026-02-26,機種,防振り,鶏生姜焼き,鶏生姜焼き→5位→5台機種→防振り,3,5,5733,https://sloslo-blog.hatenablog.com/entry/2026/02/28/085015,https://twitter.com/endo1maruhan/status/2026983366348673079
2026-02-28,2026-02-27,機種,Lディスク,パラッパッパッパー,パラッパッパッパー→ラッパー→DJ→ディスク2,,,,https://sloslo-blog.hatenablog.com/entry/2026/03/01/081827,https://twitter.com/endo1maruhan/status/2027345595094995435
2026-02-28,2026-02-27,機種,Sカバネリ,キャラ誕,キャラ誕→カバネリ（生駒）,,,,https://sloslo-blog.hatenablog.com/entry/2026/03/01/081827,https://twitter.com/endo1maruhan/status/2027345595094995435
2026-02-28,2026-02-27,機種,ToLOVEる,マック,マック→パラッパッパッパー→I’m lovin’it→love→ToLOVEる,1,4,-25,https://sloslo-blog.hatenablog.com/entry/2026/03/01/081827,https://twitter.com/endo1maruhan/status/2027345595094995435
2026-02-28,2026-02-27,機種,エウレカ,キャラ誕,キャラ誕→エウレカセブン（レントン）,1,2,400,https://sloslo-blog.hatenablog.com/entry/2026/03/01/081827,https://twitter.com/endo1maruhan/status/2027345595094995435
2026-02-28,2026-02-27,機種,シェイク,マック,マック→マックシェイク→シェイクBT,3,3,2733,https://sloslo-blog.hatenablog.com/entry/2026/03/01/081827,https://twitter.com/endo1maruhan/status/2027345595094995435
2026-02-28,2026-02-27,機種,化物語,倍マック,倍マック→倍倍チャンス→化物語,3,5,2300,https://sloslo-blog.hatenablog.com/entry/2026/03/01/081827,https://twitter.com/endo1maruhan/status/2027345595094995435
2026-02-28,2026-02-27,機種,東リベ,就任8日目,就任8日目→8台設置機種→東リベ,7,8,4788,https://sloslo-blog.hatenablog.com/entry/2026/03/01/081827,https://twitter.com/endo1maruhan/status/2027345595094995435
2026-02-28,2026-02-27,機種,鉄拳6,三島駿東,三島駿東→三島家→鉄拳6,11,14,3343,https://sloslo-blog.hatenablog.com/entry/2026/03/01/081827,https://twitter.com/endo1maruhan/status/2027345595094995435
2026-03-01,2026-02-28,機種,Aこのすば,三島市,三島市→水の都→アクア,,,,https://sloslo-blog.hatenablog.com/entry/2026/03/02/074428,https://twitter.com/endo1maruhan/status/2027707968771559730
2026-03-01,2026-02-28,機種,Sこのすば,三島市,三島市→水の都→アクア,,,,https://sloslo-blog.hatenablog.com/entry/2026/03/02/074428,https://twitter.com/endo1maruhan/status/2027707968771559730
2026-03-01,2026-02-28,機種,からくり,サンデー,サンデー→少年サンデー連載,7,9,7144,https://sloslo-blog.hatenablog.com/entry/2026/03/02/074428,https://twitter.com/endo1maruhan/status/2027707968771559730
2026-03-01,2026-02-28,機種,ゴージャグ3,3月1日,3月1日→サイ🦏,20,22,1941,https://sloslo-blog.hatenablog.com/entry/2026/03/02/074428,https://twitter.com/endo1maruhan/status/2027707968771559730
2026-03-01,2026-02-28,機種,ゾンサガ,桜家,桜家→源さくら,,,,https://sloslo-blog.hatenablog.com/entry/2026/03/02/074428,https://twitter.com/endo1maruhan/status/2027707968771559730
2026-03-01,2026-02-28,機種,ドラハナ,ご飯,ご飯→孫悟飯→ドラゴンボール,10,11,1882,https://sloslo-blog.hatenablog.com/entry/2026/03/02/074428,https://twitter.com/endo1maruhan/status/2027707968771559730
2026-03-01,2026-02-28,機種,ハードボイルド,打ちに,打ちに→撃ちに→シューティングチャレンジ,,,,https://sloslo-blog.hatenablog.com/entry/2026/03/02/074428,https://twitter.com/endo1maruhan/status/2027707968771559730
2026-03-01,2026-02-28,機種,七つ魔,桜家,桜家→花→剣花団,,,,https://sloslo-blog.hatenablog.com/entry/2026/03/02/074428,https://twitter.com/endo1maruhan/status/2027707968771559730
2026-03-01,2026-02-28,機種,北斗転生2,東京マルハンオススメ機種,東京マルハンオススメ機種,27,35,4169,https://sloslo-blog.hatenablog.com/entry/2026/03/02/074428,https://twitter.com/endo1maruhan/status/2027707968771559730
2026-03-01,2026-02-28,機種,新鬼武者3,エンドウ就任9日目,エンドウ就任9日目→9台設置,7,9,5133,https://sloslo-blog.hatenablog.com/entry/2026/03/02/074428,https://twitter.com/endo1maruhan/status/2027707968771559730
2026-03-01,2026-02-28,機種,新鬼武者3,桜家,桜家→桜を見たら……,7,9,5133,https://sloslo-blog.hatenablog.com/entry/2026/03/02/074428,https://twitter.com/endo1maruhan/status/2027707968771559730
2026-03-01,2026-02-28,機種,絆2天膳,ハーモニー,ハーモニー→結びつき→絆？,6,6,8650,https://sloslo-blog.hatenablog.com/entry/2026/03/02/074428,https://twitter.com/endo1maruhan/status/2027707968771559730
2026-03-01,2026-02-28,機種,銀河英雄伝説,3月,3月→マーチ→軍艦マーチ,,,,https://sloslo-blog.hatenablog.com/entry/2026/03/02/074428,https://twitter.com/endo1maruhan/status/2027707968771559730
2026-03-02,2026-03-01,機種,Sカバネリ,撤去機種ポスト,撤去機種ポスト→減台機種,,,,https://sloslo-blog.hatenablog.com/entry/2026/03/03/074447,https://twitter.com/endo1maruhan/status/2028070370063024415
2026-03-02,2026-03-01,機種,Sカバネリ,元祖Wセット,元祖Wセット→新旧Wセット,,,,https://sloslo-blog.hatenablog.com/entry/2026/03/03/074447,https://twitter.com/endo1maruhan/status/2028070370063024415
2026-03-02,2026-03-01,機種,いざ番長,10日目,10日目→10台設置→いざ番,6,10,3640,https://sloslo-blog.hatenablog.com/entry/2026/03/03/074447,https://twitter.com/endo1maruhan/status/2028070370063024415
2026-03-02,2026-03-01,機種,ウルミラ,すき家,すき家→牛丼→牛→ベコたん,5,5,2640,https://sloslo-blog.hatenablog.com/entry/2026/03/03/074447,https://twitter.com/endo1maruhan/status/2028070370063024415
2026-03-02,2026-03-01,機種,エウレカ,撤去機種ポスト,撤去機種ポスト→減台機種,,,,https://sloslo-blog.hatenablog.com/entry/2026/03/03/074447,https://twitter.com/endo1maruhan/status/2028070370063024415
2026-03-02,2026-03-01,機種,カバネリ海門,元祖Wセット,元祖Wセット→新旧Wセット,12,16,4431,https://sloslo-blog.hatenablog.com/entry/2026/03/03/074447,https://twitter.com/endo1maruhan/status/2028070370063024415
2026-03-02,2026-03-01,機種,キンハナ,3月2日,3月2日→遠山の金さんの日,17,17,2935,https://sloslo-blog.hatenablog.com/entry/2026/03/03/074447,https://twitter.com/endo1maruhan/status/2028070370063024415
2026-03-02,2026-03-01,機種,キンハナ,定番,定番→王道→王→キング,17,17,2935,https://sloslo-blog.hatenablog.com/entry/2026/03/03/074447,https://twitter.com/endo1maruhan/status/2028070370063024415
2026-03-02,2026-03-01,機種,超電磁砲2,撤去機種ポスト,撤去機種ポスト→減台機種,2,2,800,https://sloslo-blog.hatenablog.com/entry/2026/03/03/074447,https://twitter.com/endo1maruhan/status/2028070370063024415
2026-03-03,2026-03-02,機種,かぐや様,どどん,どどん→ドーンだよ→チカちゃん,9,16,3238,https://sloslo-blog.hatenablog.com/entry/2026/03/04/074210,https://twitter.com/endo1maruhan/status/2028432705575399854
2026-03-03,2026-03-02,機種,かぐや様,3/3キャラ誕,3/3キャラ誕→藤原千花、石上優,9,16,3238,https://sloslo-blog.hatenablog.com/entry/2026/03/04/074210,https://twitter.com/endo1maruhan/status/2028432705575399854
2026-03-03,2026-03-02,機種,リゼロ2,未来,未来→笑いながら未来の話をしよう,,,,https://sloslo-blog.hatenablog.com/entry/2026/03/04/074210,https://twitter.com/endo1maruhan/status/2028432705575399854
2026-03-03,2026-03-02,機種,防振り,3/3キャラ誕,3/3キャラ誕→マイ＆ユイ誕生日,3,5,3220,https://sloslo-blog.hatenablog.com/entry/2026/03/04/074210,https://twitter.com/endo1maruhan/status/2028432705575399854
2026-03-03,2026-03-02,機種,防振り,丸亀,丸亀→亀,3,5,3220,https://sloslo-blog.hatenablog.com/entry/2026/03/04/074210,https://twitter.com/endo1maruhan/status/2028432705575399854
2026-03-03,2026-03-02,機種,防振り,丸亀🐢,丸亀🐢→甲羅,3,5,3220,https://sloslo-blog.hatenablog.com/entry/2026/03/04/074210,https://twitter.com/endo1maruhan/status/2028432705575399854
2026-03-04,2026-03-03,機種,ジャグラーガールズ,グリーンティー,グリーンティー→緑→パネル緑,6,6,1333,https://sloslo-blog.hatenablog.com/entry/2026/03/05/074721,https://twitter.com/endo1maruhan/status/2028795127200940295
2026-03-04,2026-03-03,機種,ファンキー2,お一人様1個まで,お一人様1個まで→ワン🐶,,,,https://sloslo-blog.hatenablog.com/entry/2026/03/05/074721,https://twitter.com/endo1maruhan/status/2028795127200940295
2026-03-04,2026-03-03,機種,ファンキー2,500円,500円→ワンコイン→ワンコイン🐶,,,,https://sloslo-blog.hatenablog.com/entry/2026/03/05/074721,https://twitter.com/endo1maruhan/status/2028795127200940295
2026-03-04,2026-03-03,機種,不二子,ピスタチオ,ピスタチオ→緑の宝石→宝石→ルパン,2,2,2400,https://sloslo-blog.hatenablog.com/entry/2026/03/05/074721,https://twitter.com/endo1maruhan/status/2028795127200940295
2026-03-04,2026-03-03,機種,銭形5,ピスタチオ,ピスタチオ→緑の宝石→宝石→ルパン,1,3,-133,https://sloslo-blog.hatenablog.com/entry/2026/03/05/074721,https://twitter.com/endo1maruhan/status/2028795127200940295
2026-03-05,2026-03-04,機種,SAO,カフェ・レストラン,カフェ・レストラン→ソードアート・オンライン,0,2,-650,https://sloslo-blog.hatenablog.com/entry/2026/03/06/080041,https://twitter.com/endo1maruhan/status/2029157524382073046
2026-03-05,2026-03-04,機種,ToLOVEる,ピーチ,ピーチ→桃→モモ・ベリア・デビルーク,1,4,1475,https://sloslo-blog.hatenablog.com/entry/2026/03/06/080041,https://twitter.com/endo1maruhan/status/2029157524382073046
2026-03-05,2026-03-04,機種,ToLOVEる,おやつ,おやつ→もぐもぐタイム,1,4,1475,https://sloslo-blog.hatenablog.com/entry/2026/03/06/080041,https://twitter.com/endo1maruhan/status/2029157524382073046
2026-03-05,2026-03-04,機種,カイジ,やみつき,やみつき→ひりつき,2,2,1050,https://sloslo-blog.hatenablog.com/entry/2026/03/06/080041,https://twitter.com/endo1maruhan/status/2029157524382073046
2026-03-05,2026-03-04,機種,グランベルム,ポーク,ポーク→とんかつマン,2,2,1800,https://sloslo-blog.hatenablog.com/entry/2026/03/06/080041,https://twitter.com/endo1maruhan/status/2029157524382073046
2026-03-05,2026-03-04,機種,ファンキー2,ひとかみ,ひとかみ→一かみ→ワン🐶,30,32,2672,https://sloslo-blog.hatenablog.com/entry/2026/03/06/080041,https://twitter.com/endo1maruhan/status/2029157524382073046
2026-03-05,2026-03-04,機種,無職転生,ひとかみ,ひとかみ→ヒトガミ→無職転生,3,6,1083,https://sloslo-blog.hatenablog.com/entry/2026/03/06/080041,https://twitter.com/endo1maruhan/status/2029157524382073046
2026-03-06,2026-03-05,機種,Sカバネリ,銀だこポスター背景に扇子,銀だこポスター背景に扇子→扇子🪭演出,2,3,1167,https://sloslo-blog.hatenablog.com/entry/2026/03/07/080217,https://twitter.com/endo1maruhan/status/2029519871990796716
2026-03-06,2026-03-05,末尾・設置・記念日など,アナザー末尾②,銀だこポスターに②舟まで,銀だこポスターに②舟まで,,,,https://sloslo-blog.hatenablog.com/entry/2026/03/07/080217,https://twitter.com/endo1maruhan/status/2029519871990796716
2026-03-06,2026-03-05,機種,ファンキー2,お1人様、1会計、第1弾,お1人様、1会計、第1弾→ワン🐶,,,,https://sloslo-blog.hatenablog.com/entry/2026/03/07/080217,https://twitter.com/endo1maruhan/status/2029519871990796716
2026-03-06,2026-03-05,機種,化物語,タコ,タコ→多幸→倖時間,,,,https://sloslo-blog.hatenablog.com/entry/2026/03/07/080217,https://twitter.com/endo1maruhan/status/2029519871990796716
2026-03-06,2026-03-05,機種,戦国乙女4,最終日,最終日→終わり→尾張（おわり）,4,4,8450,https://sloslo-blog.hatenablog.com/entry/2026/03/07/080217,https://twitter.com/endo1maruhan/status/2029519871990796716
2026-03-06,2026-03-05,機種,戦国乙女4,スタンプ,スタンプ→凪スタンプ→オリ平,4,4,8450,https://sloslo-blog.hatenablog.com/entry/2026/03/07/080217,https://twitter.com/endo1maruhan/status/2029519871990796716
2026-03-07,2026-03-06,機種,SBJ,油そば,油そば→まぜる→シャッフル🃏→ＳＢＪ,3,6,517,https://sloslo-blog.hatenablog.com/entry/2026/03/08/074935,https://twitter.com/endo1maruhan/status/2029882231821611506
2026-03-07,2026-03-06,機種,ゾンサガ,水野愛誕生日,水野愛誕生日,,,,https://sloslo-blog.hatenablog.com/entry/2026/03/08/074935,https://twitter.com/endo1maruhan/status/2029882231821611506
2026-03-07,2026-03-06,機種,ゾンサガ,通っちゃいそう,通っちゃいそう→アンコール→ライブ→ゾンサガ,,,,https://sloslo-blog.hatenablog.com/entry/2026/03/08/074935,https://twitter.com/endo1maruhan/status/2029882231821611506
2026-03-07,2026-03-06,機種,ファンキー2,チーズ,チーズ→名犬チーズ→犬→ファンキー,,,,https://sloslo-blog.hatenablog.com/entry/2026/03/08/074935,https://twitter.com/endo1maruhan/status/2029882231821611506
2026-03-07,2026-03-06,機種,ファンキー2,週に1回,週に1回→1回→ワン🐶→ファンキー,,,,https://sloslo-blog.hatenablog.com/entry/2026/03/08/074935,https://twitter.com/endo1maruhan/status/2029882231821611506
2026-03-07,2026-03-06,機種,マギレコ,追い飯,追い飯→追撃→マギレコ,10,10,3580,https://sloslo-blog.hatenablog.com/entry/2026/03/08/074935,https://twitter.com/endo1maruhan/status/2029882231821611506
2026-03-07,2026-03-06,機種,モンハンライズ,300g,300g→G→Gクエ→モンハン,2,7,1386,https://sloslo-blog.hatenablog.com/entry/2026/03/08/074935,https://twitter.com/endo1maruhan/status/2029882231821611506
2026-03-07,2026-03-06,機種,モンハンライズ,卵黄,卵黄→きみ→YOU→ライズ,2,7,1386,https://sloslo-blog.hatenablog.com/entry/2026/03/08/074935,https://twitter.com/endo1maruhan/status/2029882231821611506
2026-03-07,2026-03-06,機種,モンハンライズ,7にまつわる,7にまつわる→モンハン（7台）,2,7,1386,https://sloslo-blog.hatenablog.com/entry/2026/03/08/074935,https://twitter.com/endo1maruhan/status/2029882231821611506
2026-03-07,2026-03-06,機種,ヴヴヴ,元祖油堂,元祖油堂→楽しみ方、無限大→♾️→マリエ覚醒→ヴヴヴ,6,7,7343,https://sloslo-blog.hatenablog.com/entry/2026/03/08/074935,https://twitter.com/endo1maruhan/status/2029882231821611506
2026-03-07,2026-03-06,機種,ヴヴヴ,7にまつわる,7にまつわる→ヴヴヴ（7台）,6,7,7343,https://sloslo-blog.hatenablog.com/entry/2026/03/08/074935,https://twitter.com/endo1maruhan/status/2029882231821611506
2026-03-07,2026-03-06,機種,番長ZERO,無料,無料→ゼロ→番長,2,2,2550,https://sloslo-blog.hatenablog.com/entry/2026/03/08/074935,https://twitter.com/endo1maruhan/status/2029882231821611506
2026-03-08,2026-03-07,機種,SBJ,3/8,3/8→山佐プレミアムDAY,3,6,850,https://sloslo-blog.hatenablog.com/entry/2026/03/09/074354,https://twitter.com/endo1maruhan/status/2030244645599363456
2026-03-08,2026-03-07,機種,アバサー,釣られて,釣られて→魚→フグ,2,2,2100,https://sloslo-blog.hatenablog.com/entry/2026/03/09/074354,https://twitter.com/endo1maruhan/status/2030244645599363456
2026-03-08,2026-03-07,機種,カイジ,倍盛,倍盛→倍プッシュ,2,2,4250,https://sloslo-blog.hatenablog.com/entry/2026/03/09/074354,https://twitter.com/endo1maruhan/status/2030244645599363456
2026-03-08,2026-03-07,機種,グランベルム,塩豚ねぎうどん,塩豚ねぎうどん,2,2,4050,https://sloslo-blog.hatenablog.com/entry/2026/03/09/074354,https://twitter.com/endo1maruhan/status/2030244645599363456
2026-03-09,2026-03-08,機種,SBJ,コーラ,コーラ→黒,5,6,3683,https://sloslo-blog.hatenablog.com/entry/2026/03/10/083822,https://twitter.com/endo1maruhan/status/2030607211375071255
2026-03-09,2026-03-08,機種,ウルミラ,バーガー,バーガー→パティ→牛,,,,https://sloslo-blog.hatenablog.com/entry/2026/03/10/083822,https://twitter.com/endo1maruhan/status/2030607211375071255
2026-03-09,2026-03-08,機種,エウレカ,コーラ,コーラ→コーラリアン,,,,https://sloslo-blog.hatenablog.com/entry/2026/03/10/083822,https://twitter.com/endo1maruhan/status/2030607211375071255
2026-03-09,2026-03-08,機種,グランベルム,湯呑み,湯呑み→湯→北の湯,1,2,-500,https://sloslo-blog.hatenablog.com/entry/2026/03/10/083822,https://twitter.com/endo1maruhan/status/2030607211375071255
2026-03-09,2026-03-08,機種,シェイク,モスバーガー,モスバーガー→シェイク（デザート）,,,,https://sloslo-blog.hatenablog.com/entry/2026/03/10/083822,https://twitter.com/endo1maruhan/status/2030607211375071255
2026-03-09,2026-03-08,機種,ジャグラーガールズ,野菜,野菜→緑🟢,5,6,2067,https://sloslo-blog.hatenablog.com/entry/2026/03/10/083822,https://twitter.com/endo1maruhan/status/2030607211375071255
2026-03-09,2026-03-08,機種,ハッピー,野菜,野菜→緑🟢,,,,https://sloslo-blog.hatenablog.com/entry/2026/03/10/083822,https://twitter.com/endo1maruhan/status/2030607211375071255
2026-03-09,2026-03-08,機種,ミスタージャグラー,オニポテ,オニポテ→きつね色→コンたろ,,,,https://sloslo-blog.hatenablog.com/entry/2026/03/10/083822,https://twitter.com/endo1maruhan/status/2030607211375071255
2026-03-09,2026-03-08,機種,レビュースタァ,オニポテが2つ,オニポテが2つ→デュエット→レヴューデュエット,3,3,3933,https://sloslo-blog.hatenablog.com/entry/2026/03/10/083822,https://twitter.com/endo1maruhan/status/2030607211375071255
2026-03-09,2026-03-08,機種,新鬼武者3,オニポテ,オニポテ→鬼,,,,https://sloslo-blog.hatenablog.com/entry/2026/03/10/083822,https://twitter.com/endo1maruhan/status/2030607211375071255
2026-03-09,2026-03-08,機種,範馬刃牙,オニポテ,オニポテ→鬼→オーガ,1,3,167,https://sloslo-blog.hatenablog.com/entry/2026/03/10/083822,https://twitter.com/endo1maruhan/status/2030607211375071255
2026-03-09,2026-03-08,機種,絆2天膳,コーラ,コーラ→黒,4,6,4767,https://sloslo-blog.hatenablog.com/entry/2026/03/10/083822,https://twitter.com/endo1maruhan/status/2030607211375071255
2026-03-10,2026-03-09,機種,SAO,3分,3分→キユーピー3分クッキング,2,2,1800,https://sloslo-blog.hatenablog.com/entry/2026/03/11/075503,https://twitter.com/endo1maruhan/status/2030969422433931450
2026-03-10,2026-03-09,機種,SAO,クッキング,クッキング→アスナとクッキング,2,2,1800,https://sloslo-blog.hatenablog.com/entry/2026/03/11/075503,https://twitter.com/endo1maruhan/status/2030969422433931450
2026-03-10,2026-03-09,機種,Sカバネリ,博多,博多→華丸大吉→おみくじ,2,2,2767,https://sloslo-blog.hatenablog.com/entry/2026/03/11/075503,https://twitter.com/endo1maruhan/status/2030969422433931450
2026-03-10,2026-03-09,機種,いざ番長,玉子,玉子→玉５,6,10,3020,https://sloslo-blog.hatenablog.com/entry/2026/03/11/075503,https://twitter.com/endo1maruhan/status/2030969422433931450
2026-03-10,2026-03-09,機種,いざ番長,かつお節,かつお節→武士,6,10,3020,https://sloslo-blog.hatenablog.com/entry/2026/03/11/075503,https://twitter.com/endo1maruhan/status/2030969422433931450
2026-03-10,2026-03-09,機種,アバサー,明太,明太→魚卵,2,2,2350,https://sloslo-blog.hatenablog.com/entry/2026/03/11/075503,https://twitter.com/endo1maruhan/status/2030969422433931450
2026-03-10,2026-03-09,機種,ウルミラ,歩いて3分,歩いて3分→カラータイマー→ウルトラマン→ウルトラミラクルジャグラー,5,5,2180,https://sloslo-blog.hatenablog.com/entry/2026/03/11/075503,https://twitter.com/endo1maruhan/status/2030969422433931450
2026-03-10,2026-03-09,機種,シェイク,3/10,3/10→サボテンの日→サボハニ,1,3,-400,https://sloslo-blog.hatenablog.com/entry/2026/03/11/075503,https://twitter.com/endo1maruhan/status/2030969422433931450
2026-03-10,2026-03-09,機種,戦国恋姫,かつお節,かつお節→武士,,,,https://sloslo-blog.hatenablog.com/entry/2026/03/11/075503,https://twitter.com/endo1maruhan/status/2030969422433931450
2026-03-11,2026-03-10,機種,Sこのすば,ゴールデンコンビ,ゴールデンコンビ→素晴らしい組み合わせ→Sこのすば,1,2,800,https://sloslo-blog.hatenablog.com/entry/2026/03/12/073619,https://twitter.com/endo1maruhan/status/2031331871276282156
2026-03-11,2026-03-10,機種,からくり,ぜひ！,ぜひ！→ぜひぜひ→からくり,7,9,6778,https://sloslo-blog.hatenablog.com/entry/2026/03/12/073619,https://twitter.com/endo1maruhan/status/2031331871276282156
2026-03-11,2026-03-10,機種,ウルミラ,ナポリタン,ナポリタン→タン→牛タン→牛→ベコたん→ウルミラ,5,5,2220,https://sloslo-blog.hatenablog.com/entry/2026/03/12/073619,https://twitter.com/endo1maruhan/status/2031331871276282156
2026-03-11,2026-03-10,機種,マンキン,パンチョ大王,パンチョ大王→王→マンキン,1,2,600,https://sloslo-blog.hatenablog.com/entry/2026/03/12/073619,https://twitter.com/endo1maruhan/status/2031331871276282156
2026-03-11,2026-03-10,機種,戦国乙女4,白ナポ,白ナポ→白→シロ→乙女,3,4,4375,https://sloslo-blog.hatenablog.com/entry/2026/03/12/073619,https://twitter.com/endo1maruhan/status/2031331871276282156
2026-03-11,2026-03-10,機種,銭形5,パンチョ,パンチョ→ナポリスト→ポリス→デカ→銭形5,2,3,400,https://sloslo-blog.hatenablog.com/entry/2026/03/12/073619,https://twitter.com/endo1maruhan/status/2031331871276282156
2026-03-11,2026-03-10,機種,銭形5,選べる麺の量,選べる麺の量→デカ盛り→デカ→銭形5,2,3,400,https://sloslo-blog.hatenablog.com/entry/2026/03/12/073619,https://twitter.com/endo1maruhan/status/2031331871276282156
2026-03-11,2026-03-10,機種,鏡,上野,上野→上野動物園→パンダ→鏡,,,,https://sloslo-blog.hatenablog.com/entry/2026/03/12/073619,https://twitter.com/endo1maruhan/status/2031331871276282156
2026-03-12,2026-03-11,機種,エヴァBT,どうげんざか,どうげんざか→どうげん→げんどう？,3,3,3800,https://sloslo-blog.hatenablog.com/entry/2026/03/13/073740,https://twitter.com/endo1maruhan/status/2031694226766053377
2026-03-12,2026-03-11,機種,カイジ,（MAP）鉄骨,（MAP）鉄骨→鉄骨渡り,2,2,3900,https://sloslo-blog.hatenablog.com/entry/2026/03/13/073740,https://twitter.com/endo1maruhan/status/2031694226766053377
2026-03-12,2026-03-11,機種,ハッピー,（MAP）まねきねこ,（MAP）まねきねこ→幸福を呼ぶ→ハッピー,5,5,2500,https://sloslo-blog.hatenablog.com/entry/2026/03/13/073740,https://twitter.com/endo1maruhan/status/2031694226766053377
2026-03-12,2026-03-11,機種,ミスタージャグラー,（MAP）マスターカード,（MAP）マスターカード→マスター≒ミスター,,,,https://sloslo-blog.hatenablog.com/entry/2026/03/13/073740,https://twitter.com/endo1maruhan/status/2031694226766053377
2026-03-12,2026-03-11,機種,モンハンライズ,（MAP）まねきねこ,（MAP）まねきねこ→猫→アイルー,5,7,1871,https://sloslo-blog.hatenablog.com/entry/2026/03/13/073740,https://twitter.com/endo1maruhan/status/2031694226766053377
2026-03-12,2026-03-11,機種,吉宗,ちゅうけんはちこう（忠犬ハチ公）,ちゅうけんはちこう（忠犬ハチ公）→ハチ（八）→八代将軍,,,,https://sloslo-blog.hatenablog.com/entry/2026/03/13/073740,https://twitter.com/endo1maruhan/status/2031694226766053377
2026-03-12,2026-03-11,機種,東リベ,しぶや（渋谷）,しぶや（渋谷）→渋谷JACK,7,8,4500,https://sloslo-blog.hatenablog.com/entry/2026/03/13/073740,https://twitter.com/endo1maruhan/status/2031694226766053377
2026-03-13,2026-03-12,機種,マンキン,合体,合体→憑依合体,2,2,1700,https://sloslo-blog.hatenablog.com/entry/2026/03/14/074748,https://twitter.com/endo1maruhan/status/2032056662731997691
2026-03-13,2026-03-12,機種,ミスタージャグラー,コーン（具）,コーン（具）→コンたろ,5,5,3220,https://sloslo-blog.hatenablog.com/entry/2026/03/14/074748,https://twitter.com/endo1maruhan/status/2032056662731997691
2026-03-13,2026-03-12,機種,ミスタージャグラー,リンガーハット,リンガーハット→ハット,5,5,3220,https://sloslo-blog.hatenablog.com/entry/2026/03/14/074748,https://twitter.com/endo1maruhan/status/2032056662731997691
2026-03-13,2026-03-12,機種,モンハンライズ,逃してしまった,逃してしまった→モンスター逃す,5,7,3557,https://sloslo-blog.hatenablog.com/entry/2026/03/14/074748,https://twitter.com/endo1maruhan/status/2032056662731997691
2026-03-13,2026-03-12,機種,モンハンライズ,🛠,🛠→ハンマー→アイルーだるま落とし,5,7,3557,https://sloslo-blog.hatenablog.com/entry/2026/03/14/074748,https://twitter.com/endo1maruhan/status/2032056662731997691
2026-03-13,2026-03-12,機種,戦国乙女4,🛠,🛠→ハンマー→だるま落とし,3,4,1850,https://sloslo-blog.hatenablog.com/entry/2026/03/14/074748,https://twitter.com/endo1maruhan/status/2032056662731997691
2026-03-13,2026-03-12,機種,範馬刃牙,🛠,🛠→ハンマー→ハンマ→範馬刃牙,2,3,4167,https://sloslo-blog.hatenablog.com/entry/2026/03/14/074748,https://twitter.com/endo1maruhan/status/2032056662731997691
2026-03-14,2026-03-13,機種,アズレン,海鮮スンドゥプ,海鮮スンドゥプ→海鮮→海戦,2,5,2940,https://sloslo-blog.hatenablog.com/entry/2026/03/15/074059,https://twitter.com/endo1maruhan/status/2032419012941152518
2026-03-14,2026-03-13,機種,アズレン,罪悪感,罪悪感→後悔→航海,2,5,2940,https://sloslo-blog.hatenablog.com/entry/2026/03/15/074059,https://twitter.com/endo1maruhan/status/2032419012941152518
2026-03-14,2026-03-13,機種,ゴージャグ3,🫛就任22日目,🫛就任22日目→22台機種,20,22,2305,https://sloslo-blog.hatenablog.com/entry/2026/03/15/074059,https://twitter.com/endo1maruhan/status/2032419012941152518
2026-03-14,2026-03-13,機種,リゼロ2,ライス大盛り無料,ライス大盛り無料→0円→ゼロ,,,,https://sloslo-blog.hatenablog.com/entry/2026/03/15/074059,https://twitter.com/endo1maruhan/status/2032419012941152518
2026-03-14,2026-03-13,機種,不二子,罪悪感,罪悪感→盗み,2,2,3050,https://sloslo-blog.hatenablog.com/entry/2026/03/15/074059,https://twitter.com/endo1maruhan/status/2032419012941152518
2026-03-14,2026-03-13,機種,不二子,ご飯目的,ご飯目的→ターゲット,2,2,3050,https://sloslo-blog.hatenablog.com/entry/2026/03/15/074059,https://twitter.com/endo1maruhan/status/2032419012941152518
2026-03-15,2026-03-14,機種,からくり,サンデー,サンデー→少年サンデー連載,6,9,2989,https://sloslo-blog.hatenablog.com/entry/2026/03/16/075022,https://twitter.com/endo1maruhan/status/2032781344812708151
2026-03-15,2026-03-14,機種,アイム,3/15,3/15→サイ🦏31+5（GO）→ツノっち,10,11,2555,https://sloslo-blog.hatenablog.com/entry/2026/03/16/075022,https://twitter.com/endo1maruhan/status/2032781344812708151
2026-03-15,2026-03-14,機種,アイム,（画像）壁のピエロ,（画像）壁のピエロ,10,11,2555,https://sloslo-blog.hatenablog.com/entry/2026/03/16/075022,https://twitter.com/endo1maruhan/status/2032781344812708151
2026-03-15,2026-03-14,機種,ハッピー,金目鯛,金目鯛→めでたい→ハッピー,5,5,2240,https://sloslo-blog.hatenablog.com/entry/2026/03/16/075022,https://twitter.com/endo1maruhan/status/2032781344812708151
2026-03-15,2026-03-14,機種,防振り,3/15,3/15→最硬の盾の記念日,5,5,2000,https://sloslo-blog.hatenablog.com/entry/2026/03/16/075022,https://twitter.com/endo1maruhan/status/2032781344812708151
2026-03-16,2026-03-15,機種,L炎炎,花粉症,花粉症→鼻炎→炎,2,2,6050,https://sloslo-blog.hatenablog.com/entry/2026/03/17/081306,https://twitter.com/endo1maruhan/status/2033143757294707022
2026-03-16,2026-03-15,機種,うみねこ,新台入替,新台入替→増台機種,2,4,1400,https://sloslo-blog.hatenablog.com/entry/2026/03/17/081306,https://twitter.com/endo1maruhan/status/2033143757294707022
2026-03-16,2026-03-15,末尾・設置・記念日など,アナザー末尾④,パフォーマンス,パフォーマンス→フォー,,,,https://sloslo-blog.hatenablog.com/entry/2026/03/17/081306,https://twitter.com/endo1maruhan/status/2033143757294707022
2026-03-16,2026-03-15,機種,エヴァBT,減台機種,減台機種,,,,https://sloslo-blog.hatenablog.com/entry/2026/03/17/081306,https://twitter.com/endo1maruhan/status/2033143757294707022
2026-03-16,2026-03-15,機種,ハッピー,緑のテント,緑のテント→緑,5,5,2620,https://sloslo-blog.hatenablog.com/entry/2026/03/17/081306,https://twitter.com/endo1maruhan/status/2033143757294707022
2026-03-17,2026-03-16,機種,SBJ,メニューが黒,メニューが黒→ブラック,4,6,2667,https://sloslo-blog.hatenablog.com/entry/2026/03/18/080446,https://twitter.com/endo1maruhan/status/2033506155209859284
2026-03-17,2026-03-16,機種,SBJ,ライス,ライス→米国→アメリカ→トランプ大統領→トランプ,4,6,2667,https://sloslo-blog.hatenablog.com/entry/2026/03/18/080446,https://twitter.com/endo1maruhan/status/2033506155209859284
2026-03-17,2026-03-16,機種,Sカバネリ,生姜焼き,生姜焼き→ジンジャー→神社,,,,https://sloslo-blog.hatenablog.com/entry/2026/03/18/080446,https://twitter.com/endo1maruhan/status/2033506155209859284
2026-03-17,2026-03-16,機種,Sカバネリ,鉄板焼き,鉄板焼き→鉄→甲鉄城,,,,https://sloslo-blog.hatenablog.com/entry/2026/03/18/080446,https://twitter.com/endo1maruhan/status/2033506155209859284
2026-03-17,2026-03-16,機種,アレックス,チキンカツ,チキンカツ,4,4,2000,https://sloslo-blog.hatenablog.com/entry/2026/03/18/080446,https://twitter.com/endo1maruhan/status/2033506155209859284
2026-03-17,2026-03-16,機種,アレックス,17時,17時→酉の刻（とりのこく）,4,4,2000,https://sloslo-blog.hatenablog.com/entry/2026/03/18/080446,https://twitter.com/endo1maruhan/status/2033506155209859284
2026-03-17,2026-03-16,機種,アレックス,オムライス,オムライス→チキンライス,4,4,2000,https://sloslo-blog.hatenablog.com/entry/2026/03/18/080446,https://twitter.com/endo1maruhan/status/2033506155209859284
2026-03-17,2026-03-16,機種,ウルミラ,牛肉,牛肉→ベコたん,5,5,3360,https://sloslo-blog.hatenablog.com/entry/2026/03/18/080446,https://twitter.com/endo1maruhan/status/2033506155209859284
2026-03-17,2026-03-16,機種,エウレカ,九頭龍,九頭龍→クズ→星屑→星に願いを,,,,https://sloslo-blog.hatenablog.com/entry/2026/03/18/080446,https://twitter.com/endo1maruhan/status/2033506155209859284
2026-03-17,2026-03-16,機種,エウレカ,リーフレタス,リーフレタス→リフ→リフボード,,,,https://sloslo-blog.hatenablog.com/entry/2026/03/18/080446,https://twitter.com/endo1maruhan/status/2033506155209859284
2026-03-17,2026-03-16,機種,カバネリ海門,生姜焼き,生姜焼き→ジンジャー→神社,,,,https://sloslo-blog.hatenablog.com/entry/2026/03/18/080446,https://twitter.com/endo1maruhan/status/2033506155209859284
2026-03-17,2026-03-16,機種,カバネリ海門,鉄板焼き,鉄板焼き→鉄→甲鉄城,,,,https://sloslo-blog.hatenablog.com/entry/2026/03/18/080446,https://twitter.com/endo1maruhan/status/2033506155209859284
2026-03-17,2026-03-16,機種,ドラハナ,九頭龍,九頭龍→龍,11,11,3300,https://sloslo-blog.hatenablog.com/entry/2026/03/18/080446,https://twitter.com/endo1maruhan/status/2033506155209859284
2026-03-17,2026-03-16,機種,ドラハナ,ウーロン茶,ウーロン茶→烏龍茶→龍,11,11,3300,https://sloslo-blog.hatenablog.com/entry/2026/03/18/080446,https://twitter.com/endo1maruhan/status/2033506155209859284
2026-03-17,2026-03-16,機種,ヴヴヴ,昔ながらのカニ•クリーム,昔ながらのカニ•クリーム→昔→初代,6,7,4129,https://sloslo-blog.hatenablog.com/entry/2026/03/18/080446,https://twitter.com/endo1maruhan/status/2033506155209859284
2026-03-17,2026-03-16,機種,ヴヴヴ,7にまつわる,7にまつわる→7台機種,6,7,4129,https://sloslo-blog.hatenablog.com/entry/2026/03/18/080446,https://twitter.com/endo1maruhan/status/2033506155209859284
2026-03-17,2026-03-16,機種,吉宗,走る,走る→追っかけ,,,,https://sloslo-blog.hatenablog.com/entry/2026/03/18/080446,https://twitter.com/endo1maruhan/status/2033506155209859284
2026-03-17,2026-03-16,機種,吉宗,ライス,ライス→米→米俵,,,,https://sloslo-blog.hatenablog.com/entry/2026/03/18/080446,https://twitter.com/endo1maruhan/status/2033506155209859284
2026-03-18,2026-03-17,機種,Lハナビ,のれん,のれん→BAR図柄,4,5,1000,https://sloslo-blog.hatenablog.com/entry/2026/03/19/085441,https://twitter.com/endo1maruhan/status/2033868588592099772
2026-03-18,2026-03-17,機種,SAO,HPより承ります。（看板）,HPより承ります。（看板）,1,2,1750,https://sloslo-blog.hatenablog.com/entry/2026/03/19/085441,https://twitter.com/endo1maruhan/status/2033868588592099772
2026-03-18,2026-03-17,機種,SAO,3月18日,3月18日→サイバー,1,2,1750,https://sloslo-blog.hatenablog.com/entry/2026/03/19/085441,https://twitter.com/endo1maruhan/status/2033868588592099772
2026-03-18,2026-03-17,機種,アレックス,バナナ,バナナ→BAR77(ボーナストリガーの時に狙う図柄),3,4,600,https://sloslo-blog.hatenablog.com/entry/2026/03/19/085441,https://twitter.com/endo1maruhan/status/2033868588592099772
2026-03-18,2026-03-17,機種,ミスタージャグラー,マグロ,マグロ→真黒,4,5,2280,https://sloslo-blog.hatenablog.com/entry/2026/03/19/085441,https://twitter.com/endo1maruhan/status/2033868588592099772
2026-03-18,2026-03-17,機種,吉宗,タカマル,タカマル→鷹〇,,,,https://sloslo-blog.hatenablog.com/entry/2026/03/19/085441,https://twitter.com/endo1maruhan/status/2033868588592099772
2026-03-18,2026-03-17,機種,吉宗,米,米→米俵,,,,https://sloslo-blog.hatenablog.com/entry/2026/03/19/085441,https://twitter.com/endo1maruhan/status/2033868588592099772
2026-03-18,2026-03-17,機種,戦国乙女4,鰹,鰹→鰹節→武士,2,4,1300,https://sloslo-blog.hatenablog.com/entry/2026/03/19/085441,https://twitter.com/endo1maruhan/status/2033868588592099772
2026-03-19,2026-03-18,機種,Aこのすば,キャベツ,キャベツ,2,3,1433,https://sloslo-blog.hatenablog.com/entry/2026/03/20/080449,https://twitter.com/endo1maruhan/status/2034230951560216877
2026-03-19,2026-03-18,機種,Aこのすば,かつ重,かつ重→かつ十→＋,2,3,1433,https://sloslo-blog.hatenablog.com/entry/2026/03/20/080449,https://twitter.com/endo1maruhan/status/2034230951560216877
2026-03-19,2026-03-18,機種,SBJ,とんかつ,とんかつ→部位→ランプ→トランプ,5,6,5150,https://sloslo-blog.hatenablog.com/entry/2026/03/20/080449,https://twitter.com/endo1maruhan/status/2034230951560216877
2026-03-19,2026-03-18,機種,Sこのすば,キャベツ,キャベツ,2,2,1850,https://sloslo-blog.hatenablog.com/entry/2026/03/20/080449,https://twitter.com/endo1maruhan/status/2034230951560216877
2026-03-19,2026-03-18,機種,アバサー,まんぷく,まんぷく→ぷくぅ,2,2,1350,https://sloslo-blog.hatenablog.com/entry/2026/03/20/080449,https://twitter.com/endo1maruhan/status/2034230951560216877
2026-03-19,2026-03-18,機種,ウルミラ,チーズ牛,チーズ牛→ベコたん,4,5,1420,https://sloslo-blog.hatenablog.com/entry/2026/03/20/080449,https://twitter.com/endo1maruhan/status/2034230951560216877
2026-03-19,2026-03-18,機種,ウルミラ,ヒレ,ヒレ→牛→ベコたん,4,5,1420,https://sloslo-blog.hatenablog.com/entry/2026/03/20/080449,https://twitter.com/endo1maruhan/status/2034230951560216877
2026-03-19,2026-03-18,機種,ウルミラ,オイスター,オイスター→スター→流星ランプ,4,5,1420,https://sloslo-blog.hatenablog.com/entry/2026/03/20/080449,https://twitter.com/endo1maruhan/status/2034230951560216877
2026-03-19,2026-03-18,機種,ピンクパンサー,とんかつ,とんかつ→レア→ぴんく・パン粉,,,,https://sloslo-blog.hatenablog.com/entry/2026/03/20/080449,https://twitter.com/endo1maruhan/status/2034230951560216877
2026-03-20,2026-03-19,機種,キンハナ,ウォーキング,ウォーキング→キング→キングハナハナ,15,17,1971,https://sloslo-blog.hatenablog.com/entry/2026/03/21/075308,https://twitter.com/endo1maruhan/status/2034593317212803404
2026-03-20,2026-03-19,機種,ハッピー,3/20,3/20→国際幸福デー→幸せ→ハッピー→ハッピージャグラーVⅢ,5,5,2900,https://sloslo-blog.hatenablog.com/entry/2026/03/21/075308,https://twitter.com/endo1maruhan/status/2034593317212803404
2026-03-20,2026-03-19,機種,東京喰種,就任28日目,就任28日目→28台,25,28,5418,https://sloslo-blog.hatenablog.com/entry/2026/03/21/075308,https://twitter.com/endo1maruhan/status/2034593317212803404
2026-03-20,2026-03-19,機種,東京喰種,おかわり,おかわり→大喰い→リゼ,25,28,5418,https://sloslo-blog.hatenablog.com/entry/2026/03/21/075308,https://twitter.com/endo1maruhan/status/2034593317212803404
2026-03-20,2026-03-19,機種,東京喰種,お彼岸の中日,お彼岸の中日→彼岸花,25,28,5418,https://sloslo-blog.hatenablog.com/entry/2026/03/21/075308,https://twitter.com/endo1maruhan/status/2034593317212803404
2026-03-20,2026-03-19,機種,番長ZERO,無料,無料→￥0→番長ZERO,2,2,1600,https://sloslo-blog.hatenablog.com/entry/2026/03/21/075308,https://twitter.com/endo1maruhan/status/2034593317212803404
2026-03-20,2026-03-19,機種,番長ZERO,牛ホルモンカレー,牛ホルモンカレー→にるにるカレー,2,2,1600,https://sloslo-blog.hatenablog.com/entry/2026/03/21/075308,https://twitter.com/endo1maruhan/status/2034593317212803404
2026-03-20,2026-03-19,機種,鏡,サイコロ,サイコロ→3156→足して15→15文字→HEY！エリートサラリーマン鏡,,,,https://sloslo-blog.hatenablog.com/entry/2026/03/21/075308,https://twitter.com/endo1maruhan/status/2034593317212803404
2026-03-20,2026-03-19,機種,鏡,サラリーマン,サラリーマン,,,,https://sloslo-blog.hatenablog.com/entry/2026/03/21/075308,https://twitter.com/endo1maruhan/status/2034593317212803404
2026-03-21,2026-03-20,機種,アレックス,チキンカツ,チキンカツ→チキン,4,4,2975,https://sloslo-blog.hatenablog.com/entry/2026/03/22/080815,https://twitter.com/endo1maruhan/status/2034955677664518207
2026-03-21,2026-03-20,機種,アレックス,小雨,小雨→サメ🦈→4図柄→4台機種,4,4,2975,https://sloslo-blog.hatenablog.com/entry/2026/03/22/080815,https://twitter.com/endo1maruhan/status/2034955677664518207
2026-03-21,2026-03-20,機種,カイジ,おろしポン酢,おろしポン酢→ポン→麻雀,2,2,3600,https://sloslo-blog.hatenablog.com/entry/2026/03/22/080815,https://twitter.com/endo1maruhan/status/2034955677664518207
2026-03-21,2026-03-20,機種,マンキン,チキン,チキン→キン→キング,2,2,1700,https://sloslo-blog.hatenablog.com/entry/2026/03/22/080815,https://twitter.com/endo1maruhan/status/2034955677664518207
2026-03-21,2026-03-20,機種,モンハンライズ,タルタル,タルタル→樽樽→樽爆弾,5,7,3729,https://sloslo-blog.hatenablog.com/entry/2026/03/22/080815,https://twitter.com/endo1maruhan/status/2034955677664518207
2026-03-21,2026-03-20,機種,レビュースタァ,飯ポスト,飯ポスト→飯のレビュー,3,3,3567,https://sloslo-blog.hatenablog.com/entry/2026/03/22/080815,https://twitter.com/endo1maruhan/status/2034955677664518207
2026-03-21,2026-03-20,機種,化物語,Ｗカツ,Ｗカツ→カツが倍→倍倍チャンス,4,5,4920,https://sloslo-blog.hatenablog.com/entry/2026/03/22/080815,https://twitter.com/endo1maruhan/status/2034955677664518207
2026-03-21,2026-03-20,機種,戦国乙女4,渚カオル,渚カオル→最後のシ者→終わり→尾張,4,4,6650,https://sloslo-blog.hatenablog.com/entry/2026/03/22/080815,https://twitter.com/endo1maruhan/status/2034955677664518207
2026-03-21,2026-03-20,機種,戦国乙女4,小雨,小雨→サメ🦈→4図柄→4台機種,4,4,6650,https://sloslo-blog.hatenablog.com/entry/2026/03/22/080815,https://twitter.com/endo1maruhan/status/2034955677664518207
2026-03-21,2026-03-20,機種,炎炎2,闘志満々,闘志満々→燃える,4,8,3300,https://sloslo-blog.hatenablog.com/entry/2026/03/22/080815,https://twitter.com/endo1maruhan/status/2034955677664518207
2026-03-21,2026-03-20,機種,秘伝,小雨,小雨→サメ🦈→4図柄→4台機種,,,,https://sloslo-blog.hatenablog.com/entry/2026/03/22/080815,https://twitter.com/endo1maruhan/status/2034955677664518207
2026-03-21,2026-03-20,機種,範馬刃牙,親子丼,親子丼→親子,3,3,11633,https://sloslo-blog.hatenablog.com/entry/2026/03/22/080815,https://twitter.com/endo1maruhan/status/2034955677664518207
2026-03-21,2026-03-20,機種,絆2天膳,3/21,3/21→3+2+1＝6→6台機種,4,6,4150,https://sloslo-blog.hatenablog.com/entry/2026/03/22/080815,https://twitter.com/endo1maruhan/status/2034955677664518207
2026-03-21,2026-03-20,機種,鉄拳6,闘士,闘士→格闘,10,14,2950,https://sloslo-blog.hatenablog.com/entry/2026/03/22/080815,https://twitter.com/endo1maruhan/status/2034955677664518207
2026-03-21,2026-03-20,末尾・設置・記念日など,（2/21就任初日回想）,ご飯,ご飯→米→マイ,,,,https://sloslo-blog.hatenablog.com/entry/2026/03/22/080815,https://twitter.com/endo1maruhan/status/2034955677664518207
2026-03-21,2026-03-20,末尾・設置・記念日など,１台設置機種,◎1ヶ月目初日,◎1ヶ月目初日→1台バラ🌹（2/21就任初日回想）,,,,https://sloslo-blog.hatenablog.com/entry/2026/03/22/080815,https://twitter.com/endo1maruhan/status/2034955677664518207
2026-03-22,2026-03-21,機種,グランベルム,🐇,🐇→月→ブラッドムーン,1,2,550,https://sloslo-blog.hatenablog.com/entry/2026/03/23/080055,https://twitter.com/endo1maruhan/status/2035318418086445362
2026-03-22,2026-03-21,機種,ジャグラーガールズ,20：31投稿,20：31投稿→31→サイ→ツノっち,4,6,883,https://sloslo-blog.hatenablog.com/entry/2026/03/23/080055,https://twitter.com/endo1maruhan/status/2035318418086445362
2026-03-22,2026-03-21,機種,マギレコ,秋葉原の有名店,秋葉原の有名店→アイランド秋葉原→まどマギ,10,10,5480,https://sloslo-blog.hatenablog.com/entry/2026/03/23/080055,https://twitter.com/endo1maruhan/status/2035318418086445362
2026-03-22,2026-03-21,機種,攻殻機動隊,秋葉原,秋葉原→電気街→電脳,4,5,400,https://sloslo-blog.hatenablog.com/entry/2026/03/23/080055,https://twitter.com/endo1maruhan/status/2035318418086445362
2026-03-22,2026-03-21,機種,無職転生,シャンフロ,シャンフロ→なろう系,5,6,5017,https://sloslo-blog.hatenablog.com/entry/2026/03/23/080055,https://twitter.com/endo1maruhan/status/2035318418086445362
2026-03-22,2026-03-21,機種,無職転生,水,水→無色→無色,5,6,5017,https://sloslo-blog.hatenablog.com/entry/2026/03/23/080055,https://twitter.com/endo1maruhan/status/2035318418086445362
2026-03-23,2026-03-22,機種,SAO,かぶきち,かぶきち→ぶき→武器→剣,2,2,5500,https://sloslo-blog.hatenablog.com/entry/2026/03/24/074646,https://twitter.com/endo1maruhan/status/2035680443589427414
2026-03-23,2026-03-22,機種,SAO,焼そば,焼そば→焼き側→炎炎の側,2,2,5500,https://sloslo-blog.hatenablog.com/entry/2026/03/24/074646,https://twitter.com/endo1maruhan/status/2035680443589427414
2026-03-23,2026-03-22,機種,Sカバネリ,もやし,もやし→燃やし→燃える命,2,3,1500,https://sloslo-blog.hatenablog.com/entry/2026/03/24/074646,https://twitter.com/endo1maruhan/status/2035680443589427414
2026-03-23,2026-03-22,機種,Sカバネリ,ワカメ,ワカメ→海藻→回想,2,3,1500,https://sloslo-blog.hatenablog.com/entry/2026/03/24/074646,https://twitter.com/endo1maruhan/status/2035680443589427414
2026-03-23,2026-03-22,機種,Sカバネリ,紅生姜,紅生姜→ジンジャー→神社,2,3,1500,https://sloslo-blog.hatenablog.com/entry/2026/03/24/074646,https://twitter.com/endo1maruhan/status/2035680443589427414
2026-03-23,2026-03-22,機種,Sカバネリ,3/23,3/23→丸の内線が全線開通→電車,2,3,1500,https://sloslo-blog.hatenablog.com/entry/2026/03/24/074646,https://twitter.com/endo1maruhan/status/2035680443589427414
2026-03-23,2026-03-22,機種,ファンキー2,えびす様,えびす様→1月の「十日戎」→①→ワン🐶→まろ吉,32,32,2788,https://sloslo-blog.hatenablog.com/entry/2026/03/24/074646,https://twitter.com/endo1maruhan/status/2035680443589427414
2026-03-23,2026-03-22,機種,ファンキー2,かぶきち,かぶきち→まろ吉,32,32,2788,https://sloslo-blog.hatenablog.com/entry/2026/03/24/074646,https://twitter.com/endo1maruhan/status/2035680443589427414
2026-03-23,2026-03-22,機種,マンキン,入替増台機種,入替増台機種,1,3,1033,https://sloslo-blog.hatenablog.com/entry/2026/03/24/074646,https://twitter.com/endo1maruhan/status/2035680443589427414
2026-03-23,2026-03-22,機種,七つ魔,かぶきち,かぶきち→ぶき→武器→剣,,,,https://sloslo-blog.hatenablog.com/entry/2026/03/24/074646,https://twitter.com/endo1maruhan/status/2035680443589427414
2026-03-23,2026-03-22,機種,化物語,エビス,エビス→福の神→幸福→倖時間,3,5,3500,https://sloslo-blog.hatenablog.com/entry/2026/03/24/074646,https://twitter.com/endo1maruhan/status/2035680443589427414
2026-03-23,2026-03-22,機種,鏡,入替増台機種,入替増台機種,3,3,1000,https://sloslo-blog.hatenablog.com/entry/2026/03/24/074646,https://twitter.com/endo1maruhan/status/2035680443589427414
2026-03-24,2026-03-23,機種,DMC5,エクソシスト取材,エクソシスト取材→悪魔祓い→デビルメイクライ,2,2,12750,https://sloslo-blog.hatenablog.com/entry/2026/03/25/074602,https://twitter.com/endo1maruhan/status/2036042875906191584
2026-03-24,2026-03-23,機種,かぐや様,地下1階,地下1階→地下→藤原千花→かぐや様,11,16,4369,https://sloslo-blog.hatenablog.com/entry/2026/03/25/074602,https://twitter.com/endo1maruhan/status/2036042875906191584
2026-03-24,2026-03-23,機種,ゴッドイーター,食堂,食堂→食事→喰らう→ゴッドイーター,9,16,4388,https://sloslo-blog.hatenablog.com/entry/2026/03/25/074602,https://twitter.com/endo1maruhan/status/2036042875906191584
2026-03-24,2026-03-23,機種,ハッピー,13時からのお楽しみ,13時からのお楽しみ→ハッピー→ハッピーVⅢ,5,5,3180,https://sloslo-blog.hatenablog.com/entry/2026/03/25/074602,https://twitter.com/endo1maruhan/status/2036042875906191584
2026-03-24,2026-03-23,機種,マンキン,キングマック来店,キングマック来店→マンキン,3,3,2267,https://sloslo-blog.hatenablog.com/entry/2026/03/25/074602,https://twitter.com/endo1maruhan/status/2036042875906191584
2026-03-24,2026-03-23,機種,ミスタージャグラー,365日,365日→ミスチルの楽曲タイトル→ミスタージャグラー,5,5,2200,https://sloslo-blog.hatenablog.com/entry/2026/03/25/074602,https://twitter.com/endo1maruhan/status/2036042875906191584
2026-03-25,2026-03-24,機種,L炎炎,助かる,助かる→レスキュー→炎炎ノ消防隊,2,2,2750,https://sloslo-blog.hatenablog.com/entry/2026/03/26/075648,https://twitter.com/endo1maruhan/status/2036405271044460604
2026-03-25,2026-03-24,機種,アレックス,唐揚,唐揚→チキン→アレックス,1,4,175,https://sloslo-blog.hatenablog.com/entry/2026/03/26/075648,https://twitter.com/endo1maruhan/status/2036405271044460604
2026-03-25,2026-03-24,機種,エウレカ,桜,桜→sakura→エウレカ,,,,https://sloslo-blog.hatenablog.com/entry/2026/03/26/075648,https://twitter.com/endo1maruhan/status/2036405271044460604
2026-03-25,2026-03-24,機種,ドラハナ,開花予想,開花予想→ハナ→ドラハナ,11,11,2464,https://sloslo-blog.hatenablog.com/entry/2026/03/26/075648,https://twitter.com/endo1maruhan/status/2036405271044460604
2026-03-25,2026-03-24,機種,ドラハナ,ランチ,ランチ→ドラゴンボール→ドラハナ,11,11,2464,https://sloslo-blog.hatenablog.com/entry/2026/03/26/075648,https://twitter.com/endo1maruhan/status/2036405271044460604
2026-03-25,2026-03-24,機種,番長ZERO,弁当,弁当→弁当箱→番長ゼロ,2,2,1750,https://sloslo-blog.hatenablog.com/entry/2026/03/26/075648,https://twitter.com/endo1maruhan/status/2036405271044460604
2026-03-26,2026-02-25,機種,SBJ,カレーハウスリオ（画像）,カレーハウスリオ（画像）→リオ→SBJ,5,6,2300,https://sloslo-blog.hatenablog.com/entry/2026/03/27/074927,https://twitter.com/endo1maruhan/status/2026620775046979744
2026-03-26,2026-02-25,末尾・設置・記念日など,アナザー末尾⑨,炙りチーズハンバーグカレー,炙りチーズハンバーグカレー→1080円→1+0+8+0=9→アナザー末尾⑨,,,,https://sloslo-blog.hatenablog.com/entry/2026/03/27/074927,https://twitter.com/endo1maruhan/status/2026620775046979744
2026-03-26,2026-02-25,機種,アレックス,カレー,カレー→据え置き→アレックスBT,3,4,1200,https://sloslo-blog.hatenablog.com/entry/2026/03/27/074927,https://twitter.com/endo1maruhan/status/2026620775046979744
2026-03-26,2026-02-25,機種,ウルミラ,炙りチーズ,炙りチーズ→チーズ→乳製品→牛→ベコたん→ウルトラミラクルジャグラー,5,5,2700,https://sloslo-blog.hatenablog.com/entry/2026/03/27/074927,https://twitter.com/endo1maruhan/status/2026620775046979744
2026-03-27,2026-03-26,機種,Aこのすば,追加のお肉,追加のお肉→プラス,2,3,1667,https://sloslo-blog.hatenablog.com/entry/2026/03/28/075543,https://twitter.com/endo1maruhan/status/2037130018481119525
2026-03-27,2026-03-26,機種,L炎炎,サブナード,サブナード→地下→地下へ,2,2,2150,https://sloslo-blog.hatenablog.com/entry/2026/03/28/075543,https://twitter.com/endo1maruhan/status/2037130018481119525
2026-03-27,2026-03-26,機種,アズレン,店長陣,店長陣→陣営,2,5,2280,https://sloslo-blog.hatenablog.com/entry/2026/03/28/075543,https://twitter.com/endo1maruhan/status/2037130018481119525
2026-03-27,2026-03-26,機種,ハッピー,大山,大山→ハッピーロード,5,5,2960,https://sloslo-blog.hatenablog.com/entry/2026/03/28/075543,https://twitter.com/endo1maruhan/status/2037130018481119525
2026-03-27,2026-03-26,機種,七つ魔,7にまつわる機種,7にまつわる機種,,,,https://sloslo-blog.hatenablog.com/entry/2026/03/28/075543,https://twitter.com/endo1maruhan/status/2037130018481119525
2026-03-27,2026-03-26,機種,七つ魔,肉7枚,肉7枚→7つ,,,,https://sloslo-blog.hatenablog.com/entry/2026/03/28/075543,https://twitter.com/endo1maruhan/status/2037130018481119525
2026-03-27,2026-03-26,機種,北斗転生2,就任35日目🫛,就任35日目🫛→35台機種,26,35,3497,https://sloslo-blog.hatenablog.com/entry/2026/03/28/075543,https://twitter.com/endo1maruhan/status/2037130018481119525
2026-03-27,2026-03-26,機種,北斗転生2,メニューの肉7種類,メニューの肉7種類→北斗七星,26,35,3497,https://sloslo-blog.hatenablog.com/entry/2026/03/28/075543,https://twitter.com/endo1maruhan/status/2037130018481119525
2026-03-27,2026-03-26,機種,超電磁砲2,ねぎし,ねぎし→麦飯→麦野沈利,2,2,2650,https://sloslo-blog.hatenablog.com/entry/2026/03/28/075543,https://twitter.com/endo1maruhan/status/2037130018481119525
2026-03-27,2026-03-26,機種,防振り,がんこちゃん,がんこちゃん→頑固→かたい,2,5,640,https://sloslo-blog.hatenablog.com/entry/2026/03/28/075543,https://twitter.com/endo1maruhan/status/2037130018481119525
2026-03-28,2026-03-27,機種,ToLOVEる,一人で入るのが苦手,一人で入るのが苦手→お友達召喚,3,4,3575,https://sloslo-blog.hatenablog.com/entry/2026/03/29/075342,https://twitter.com/endo1maruhan/status/2037492443315331227
2026-03-28,2026-03-27,機種,ToLOVEる,豆腐,豆腐→ぷっちん→ぷっちゅんちゃれんじ,3,4,3575,https://sloslo-blog.hatenablog.com/entry/2026/03/29/075342,https://twitter.com/endo1maruhan/status/2037492443315331227
2026-03-28,2026-03-27,機種,ネオアイムEX,就任36日目🫛,就任36日目🫛→36台機種,34,36,1989,https://sloslo-blog.hatenablog.com/entry/2026/03/29/075342,https://twitter.com/endo1maruhan/status/2037492443315331227
2026-03-28,2026-03-27,機種,吉宗,お酒,お酒→爺,,,,https://sloslo-blog.hatenablog.com/entry/2026/03/29/075342,https://twitter.com/endo1maruhan/status/2037492443315331227
2026-03-28,2026-03-27,機種,吉宗,ご飯,ご飯→米→米俵,,,,https://sloslo-blog.hatenablog.com/entry/2026/03/29/075342,https://twitter.com/endo1maruhan/status/2037492443315331227
2026-03-28,2026-03-27,機種,絆2天膳,BC,BC→バジリスクチャンス,4,6,3350,https://sloslo-blog.hatenablog.com/entry/2026/03/29/075342,https://twitter.com/endo1maruhan/status/2037492443315331227
2026-03-28,2026-03-27,機種,鏡,ご飯,ご飯→米→アメリカ,3,3,5067,https://sloslo-blog.hatenablog.com/entry/2026/03/29/075342,https://twitter.com/endo1maruhan/status/2037492443315331227
2026-03-28,2026-03-27,機種,鏡,不思議,不思議→摩訶不思議→マカIKKI,3,3,5067,https://sloslo-blog.hatenablog.com/entry/2026/03/29/075342,https://twitter.com/endo1maruhan/status/2037492443315331227
2026-03-29,2026-03-28,機種,からくり,サンデー,サンデー→サンデー掲載漫画,,,,https://sloslo-blog.hatenablog.com/entry/2026/03/30/075652,https://twitter.com/endo1maruhan/status/2037854866627051749
2026-03-29,2026-03-28,機種,アバサー,29日,29日→ぷくぅ,2,2,1350,https://sloslo-blog.hatenablog.com/entry/2026/03/30/075652,https://twitter.com/endo1maruhan/status/2037854866627051749
2026-03-29,2026-03-28,機種,ウルミラ,ハンバーグ,ハンバーグ→牛,,,,https://sloslo-blog.hatenablog.com/entry/2026/03/30/075652,https://twitter.com/endo1maruhan/status/2037854866627051749
2026-03-29,2026-03-28,機種,エウレカ,バーグディッシュ,バーグディッシュ→DISH//→スターダストプロモーション→星に願いを,,,,https://sloslo-blog.hatenablog.com/entry/2026/03/30/075652,https://twitter.com/endo1maruhan/status/2037854866627051749
2026-03-29,2026-03-28,機種,シェイク,ドンキー,ドンキー→ドンキーコング→ジャングル・ビート・シェイク,2,3,433,https://sloslo-blog.hatenablog.com/entry/2026/03/30/075652,https://twitter.com/endo1maruhan/status/2037854866627051749
2026-03-29,2026-03-28,機種,モンハンライズ,29日,29日→肉,6,7,6786,https://sloslo-blog.hatenablog.com/entry/2026/03/30/075652,https://twitter.com/endo1maruhan/status/2037854866627051749
2026-03-29,2026-03-28,機種,防振り,ドンキー,ドンキー→英語で頑固者→固,4,5,620,https://sloslo-blog.hatenablog.com/entry/2026/03/30/075652,https://twitter.com/endo1maruhan/status/2037854866627051749
2026-03-30,2026-03-29,機種,エヴァBT,3/30,3/30→綾波レイ生誕日,,,,https://sloslo-blog.hatenablog.com/entry/2026/03/31/074747,https://twitter.com/endo1maruhan/status/2038217311736238482
2026-03-30,2026-03-29,機種,キンハナ,世界一,世界一→キング,17,17,3429,https://sloslo-blog.hatenablog.com/entry/2026/03/31/074747,https://twitter.com/endo1maruhan/status/2038217311736238482
2026-03-30,2026-03-29,機種,番長ZERO,3/30,3/30→操生誕日,2,2,4300,https://sloslo-blog.hatenablog.com/entry/2026/03/31/074747,https://twitter.com/endo1maruhan/status/2038217311736238482
2026-03-30,2026-03-29,機種,範馬刃牙,カラダバキバキ,カラダバキバキ,3,3,6733,https://sloslo-blog.hatenablog.com/entry/2026/03/31/074747,https://twitter.com/endo1maruhan/status/2038217311736238482
2026-03-31,2026-03-30,機種,Aこのすば,しゃばしゃば,しゃばしゃば→水→アクア,,,,https://sloslo-blog.hatenablog.com/entry/2026/04/01/074150,https://twitter.com/endo1maruhan/status/2038579551044050971
2026-03-31,2026-03-30,機種,DMC5,ビル,ビル→（デ）ビル,1,2,7050,https://sloslo-blog.hatenablog.com/entry/2026/04/01/074150,https://twitter.com/endo1maruhan/status/2038579551044050971
2026-03-31,2026-03-30,機種,L炎炎,カレー,カレー→辛い→火を噴く,2,2,8400,https://sloslo-blog.hatenablog.com/entry/2026/04/01/074150,https://twitter.com/endo1maruhan/status/2038579551044050971
2026-03-31,2026-03-30,機種,SAO,大盛りボタン,大盛りボタン→スイッチ,2,2,4650,https://sloslo-blog.hatenablog.com/entry/2026/04/01/074150,https://twitter.com/endo1maruhan/status/2038579551044050971
2026-03-31,2026-03-30,機種,Sこのすば,しゃばしゃば,しゃばしゃば→水→アクア,,,,https://sloslo-blog.hatenablog.com/entry/2026/04/01/074150,https://twitter.com/endo1maruhan/status/2038579551044050971
2026-03-31,2026-03-30,機種,Sカバネリ,駅,駅→鉄道,3,3,2767,https://sloslo-blog.hatenablog.com/entry/2026/04/01/074150,https://twitter.com/endo1maruhan/status/2038579551044050971
2026-03-31,2026-03-30,機種,アイム,31日,31日→サイ🦏→ツノっち,9,11,1245,https://sloslo-blog.hatenablog.com/entry/2026/04/01/074150,https://twitter.com/endo1maruhan/status/2038579551044050971
2026-03-31,2026-03-30,機種,アズレン,しゃばしゃば,しゃばしゃば→水→海戦,5,5,6860,https://sloslo-blog.hatenablog.com/entry/2026/04/01/074150,https://twitter.com/endo1maruhan/status/2038579551044050971
2026-03-31,2026-03-30,機種,アバサー,しゃばしゃば,しゃばしゃば→水→海🐡,2,2,1500,https://sloslo-blog.hatenablog.com/entry/2026/04/01/074150,https://twitter.com/endo1maruhan/status/2038579551044050971
2026-03-31,2026-03-30,機種,アレックス,元祖,元祖→始祖鳥,3,4,1250,https://sloslo-blog.hatenablog.com/entry/2026/04/01/074150,https://twitter.com/endo1maruhan/status/2038579551044050971
2026-03-31,2026-03-30,機種,カイジ,Sammyの日,Sammyの日,2,2,1100,https://sloslo-blog.hatenablog.com/entry/2026/04/01/074150,https://twitter.com/endo1maruhan/status/2038579551044050971
2026-03-31,2026-03-30,機種,グランベルム,ポークカレー,ポークカレー→豚→トンカツマン,2,2,2550,https://sloslo-blog.hatenablog.com/entry/2026/04/01/074150,https://twitter.com/endo1maruhan/status/2038579551044050971
2026-03-31,2026-03-30,機種,ジャグラーガールズ,31日,31日→サイ🦏→ツノっち,6,6,3050,https://sloslo-blog.hatenablog.com/entry/2026/04/01/074150,https://twitter.com/endo1maruhan/status/2038579551044050971
2026-03-31,2026-03-30,機種,スーパーブラックジャック,（画像）サイコロ🎲,（画像）サイコロ🎲,3,6,3683,https://sloslo-blog.hatenablog.com/entry/2026/04/01/074150,https://twitter.com/endo1maruhan/status/2038579551044050971
2026-03-31,2026-03-30,機種,ディスクウルリミ,Sammyの日,Sammyの日,3,4,850,https://sloslo-blog.hatenablog.com/entry/2026/04/01/074150,https://twitter.com/endo1maruhan/status/2038579551044050971
2026-03-31,2026-03-30,機種,ハードボイルド,Sammyの日,Sammyの日,2,2,2400,https://sloslo-blog.hatenablog.com/entry/2026/04/01/074150,https://twitter.com/endo1maruhan/status/2038579551044050971
2026-03-31,2026-03-30,末尾・設置・記念日など,バラエティ,カレーの具に豚バラ肉,カレーの具に豚バラ肉→1台バラ,,,,https://sloslo-blog.hatenablog.com/entry/2026/04/01/074150,https://twitter.com/endo1maruhan/status/2038579551044050971
2026-03-31,2026-03-30,機種,モンハンライズ,モンスナック,モンスナック→モンス（ター）,5,7,5700,https://sloslo-blog.hatenablog.com/entry/2026/04/01/074150,https://twitter.com/endo1maruhan/status/2038579551044050971
2026-03-31,2026-03-30,機種,不二子,しゃばしゃば,しゃばしゃば→娑婆→脱獄,2,2,1600,https://sloslo-blog.hatenablog.com/entry/2026/04/01/074150,https://twitter.com/endo1maruhan/status/2038579551044050971
2026-03-31,2026-03-30,機種,化物語,Sammyの日,Sammyの日,4,5,3420,https://sloslo-blog.hatenablog.com/entry/2026/04/01/074150,https://twitter.com/endo1maruhan/status/2038579551044050971
2026-03-31,2026-03-30,機種,銭形5,しゃばしゃば,しゃばしゃば→娑婆→脱獄,1,3,-1167,https://sloslo-blog.hatenablog.com/entry/2026/04/01/074150,https://twitter.com/endo1maruhan/status/2038579551044050971
2026-03-31,2026-03-30,機種,防振り,Sammyの日,Sammyの日,5,5,3300,https://sloslo-blog.hatenablog.com/entry/2026/04/01/074150,https://twitter.com/endo1maruhan/status/2038579551044050971
2026-04-01,2026-03-31,機種,かぐや様,4月突入,4月突入→新学期→学生,13,16,3344,https://sloslo-blog.hatenablog.com/entry/2026/04/02/074337,https://twitter.com/endo1maruhan/status/2038942224252272683
2026-04-01,2026-03-31,機種,かぐや様,親子丼,親子丼→親子→白銀パパ,13,16,3344,https://sloslo-blog.hatenablog.com/entry/2026/04/02/074337,https://twitter.com/endo1maruhan/status/2038942224252272683
2026-04-01,2026-03-31,機種,アレックス,鳥良商店,鳥良商店→鳥,2,4,300,https://sloslo-blog.hatenablog.com/entry/2026/04/02/074337,https://twitter.com/endo1maruhan/status/2038942224252272683
2026-04-01,2026-03-31,機種,アレックス,アレックス誕生日🎂,アレックス誕生日🎂,2,4,300,https://sloslo-blog.hatenablog.com/entry/2026/04/02/074337,https://twitter.com/endo1maruhan/status/2038942224252272683
2026-04-01,2026-03-31,機種,ファンキー2,たくわん,たくわん→ワン🐶,32,32,3575,https://sloslo-blog.hatenablog.com/entry/2026/04/02/074337,https://twitter.com/endo1maruhan/status/2038942224252272683
2026-04-01,2026-03-31,機種,ファンキー2,1日,1日→ワン🐶,32,32,3575,https://sloslo-blog.hatenablog.com/entry/2026/04/02/074337,https://twitter.com/endo1maruhan/status/2038942224252272683
2026-04-01,2026-03-31,機種,マンキン,親子丼,親子丼→親子→親子対決,2,3,-733,https://sloslo-blog.hatenablog.com/entry/2026/04/02/074337,https://twitter.com/endo1maruhan/status/2038942224252272683
2026-04-02,2026-04-01,機種,Lハナビ,かき揚げ丼,かき揚げ丼→ドン,3,5,940,https://sloslo-blog.hatenablog.com/entry/2026/04/03/072040,https://twitter.com/endo1maruhan/status/2039309750140350867
2026-04-02,2026-04-01,機種,ゾンサガ,4/2,4/2→源さくら誕生日,,,,https://sloslo-blog.hatenablog.com/entry/2026/04/03/072040,https://twitter.com/endo1maruhan/status/2039309750140350867
2026-04-02,2026-04-01,機種,ミスタージャグラー,濃い目のつゆ,濃い目のつゆ→黒,5,5,2660,https://sloslo-blog.hatenablog.com/entry/2026/04/03/072040,https://twitter.com/endo1maruhan/status/2039309750140350867
2026-04-02,2026-04-01,機種,モンハンライズ,4/2,4/2→ガチャピン&ムック誕生日→恐竜,6,7,2771,https://sloslo-blog.hatenablog.com/entry/2026/04/03/072040,https://twitter.com/endo1maruhan/status/2039309750140350867
2026-04-02,2026-04-01,機種,鏡,給料日,給料日→サラリーマン,3,3,1867,https://sloslo-blog.hatenablog.com/entry/2026/04/03/072040,https://twitter.com/endo1maruhan/status/2039309750140350867
2026-04-03,2026-04-02,機種,Sカバネリ,海苔,海苔→海藻→回想,3,3,3467,https://sloslo-blog.hatenablog.com/entry/2026/04/04/092157,https://twitter.com/endo1maruhan/status/2039666775688954172
2026-04-03,2026-04-02,機種,エウレカ,のり,のり→乗り,,,,https://sloslo-blog.hatenablog.com/entry/2026/04/04/092157,https://twitter.com/endo1maruhan/status/2039666775688954172
2026-04-03,2026-04-02,機種,グランベルム,カツカレー,カツカレー→トンカツマン,1,2,-200,https://sloslo-blog.hatenablog.com/entry/2026/04/04/092157,https://twitter.com/endo1maruhan/status/2039666775688954172
2026-04-03,2026-04-02,機種,シェイク,しゃけ,しゃけ→SHAKE,3,3,3833,https://sloslo-blog.hatenablog.com/entry/2026/04/04/092157,https://twitter.com/endo1maruhan/status/2039666775688954172
2026-04-03,2026-04-02,機種,ハッピー,選ばれたい,選ばれたい→たい→鯛→めでたい→ハッピー,5,5,2560,https://sloslo-blog.hatenablog.com/entry/2026/04/04/092157,https://twitter.com/endo1maruhan/status/2039666775688954172
2026-04-03,2026-04-02,機種,ミスタージャグラー,スタート,スタート→スター→ミスター,5,5,2820,https://sloslo-blog.hatenablog.com/entry/2026/04/04/092157,https://twitter.com/endo1maruhan/status/2039666775688954172
2026-04-03,2026-04-02,機種,新鬼武者3,春,春→花見→桜,,,,https://sloslo-blog.hatenablog.com/entry/2026/04/04/092157,https://twitter.com/endo1maruhan/status/2039666775688954172
2026-04-04,2026-04-03,機種,SAO,ニューカルチャー,ニューカルチャー→カルチャー→アート,2,2,5650,https://sloslo-blog.hatenablog.com/entry/2026/04/05/075852,https://twitter.com/endo1maruhan/status/2040029167815950834
2026-04-04,2026-04-03,機種,SAO,オムニ料理,オムニ料理→アスナクッキング,2,2,5650,https://sloslo-blog.hatenablog.com/entry/2026/04/05/075852,https://twitter.com/endo1maruhan/status/2040029167815950834
2026-04-04,2026-04-03,機種,アバサー,ぷくぷくしーる,ぷくぷくしーる→ﾌﾟｸｩ🐡,2,2,1000,https://sloslo-blog.hatenablog.com/entry/2026/04/05/075852,https://twitter.com/endo1maruhan/status/2040029167815950834
2026-04-04,2026-04-03,機種,ハードボイルド,（画像）チーズ豚丼,（画像）チーズ豚丼→ゆで卵,2,2,2200,https://sloslo-blog.hatenablog.com/entry/2026/04/05/075852,https://twitter.com/endo1maruhan/status/2040029167815950834
2026-04-04,2026-04-03,機種,ミスタージャグラー,帰還,帰還→戦地の帰還→軍→軍艦マーチ,5,5,2480,https://sloslo-blog.hatenablog.com/entry/2026/04/05/075852,https://twitter.com/endo1maruhan/status/2040029167815950834
2026-04-04,2026-04-03,機種,ミスタージャグラー,イケメン,イケメン→ミスター,5,5,2480,https://sloslo-blog.hatenablog.com/entry/2026/04/05/075852,https://twitter.com/endo1maruhan/status/2040029167815950834
2026-04-04,2026-04-03,機種,東京喰種,帰還,帰還→王の帰還→王→隻眼の王,22,28,5482,https://sloslo-blog.hatenablog.com/entry/2026/04/05/075852,https://twitter.com/endo1maruhan/status/2040029167815950834
2026-04-04,2026-04-03,機種,東京喰種,4/4（しし）,4/4（しし）→CC→CCG,22,28,5482,https://sloslo-blog.hatenablog.com/entry/2026/04/05/075852,https://twitter.com/endo1maruhan/status/2040029167815950834
2026-04-05,2026-04-04,機種,からくり,サンデー,サンデー→週刊少年サンデー,7,9,4511,https://sloslo-blog.hatenablog.com/entry/2026/04/06/073155,https://twitter.com/endo1maruhan/status/2040391658165137632
2026-04-05,2026-04-04,機種,クレアBT,秘伝,秘伝→秘宝伝,4,4,2350,https://sloslo-blog.hatenablog.com/entry/2026/04/06/073155,https://twitter.com/endo1maruhan/status/2040391658165137632
2026-04-05,2026-04-04,機種,ゴージャグ3,ケンタッキー,ケンタッキー→チキン→サイ（部位）→ツノっち,16,22,1895,https://sloslo-blog.hatenablog.com/entry/2026/04/06/073155,https://twitter.com/endo1maruhan/status/2040391658165137632
2026-04-05,2026-04-04,機種,ゾンサガ,ケンタッキー,ケンタッキー→鳥→鳥放題ボーナス,,,,https://sloslo-blog.hatenablog.com/entry/2026/04/06/073155,https://twitter.com/endo1maruhan/status/2040391658165137632
2026-04-06,2026-04-05,機種,Sこのすば,キャラ誕🎂（ダクネス）,キャラ誕🎂（ダクネス）,2,2,1650,https://sloslo-blog.hatenablog.com/entry/2026/04/07/073513,https://twitter.com/endo1maruhan/status/2040753907413246245
2026-04-06,2026-04-05,末尾・設置・記念日など,アナザー末尾,メニュー全品の値段とグラム数がすべて末尾⓪,メニュー全品の値段とグラム数がすべて末尾⓪,,,,https://sloslo-blog.hatenablog.com/entry/2026/04/07/073513,https://twitter.com/endo1maruhan/status/2040753907413246245
2026-04-06,2026-04-05,機種,グランベルム,ハンバーグがカットされている,ハンバーグがカットされている→中身が見える→ナカミミエルモード,2,2,6450,https://sloslo-blog.hatenablog.com/entry/2026/04/07/073513,https://twitter.com/endo1maruhan/status/2040753907413246245
2026-04-06,2026-04-05,機種,ゾンサガ,唐揚げ,唐揚げ→鳥→鳥放題ボーナス,,,,https://sloslo-blog.hatenablog.com/entry/2026/04/07/073513,https://twitter.com/endo1maruhan/status/2040753907413246245
2026-04-06,2026-04-05,機種,化物語,増台機種,増台機種,8,10,1820,https://sloslo-blog.hatenablog.com/entry/2026/04/07/073513,https://twitter.com/endo1maruhan/status/2040753907413246245
2026-04-06,2026-04-05,機種,防振り,パクパク,パクパク→パクパクミッション,,,,https://sloslo-blog.hatenablog.com/entry/2026/04/07/073513,https://twitter.com/endo1maruhan/status/2040753907413246245
2026-04-07,2026-04-06,機種,Lハナビ,すっとこどっこい,すっとこどっこい→江戸っ子→ドンちゃん,5,5,2100,https://sloslo-blog.hatenablog.com/entry/2026/04/08/091143,https://twitter.com/endo1maruhan/status/2041116302170067134
2026-04-07,2026-04-06,機種,SAO,入替作業,入替作業→入れ替える→スイッチ,2,2,3400,https://sloslo-blog.hatenablog.com/entry/2026/04/08/091143,https://twitter.com/endo1maruhan/status/2041116302170067134
2026-04-07,2026-04-06,機種,ToLOVEる,寝不足,寝不足→布団→ぷっちゅんチャレンジ,2,4,4800,https://sloslo-blog.hatenablog.com/entry/2026/04/08/091143,https://twitter.com/endo1maruhan/status/2041116302170067134
2026-04-07,2026-04-06,機種,アイム,7つの調味料,7つの調味料→7台設置機種,,,,https://sloslo-blog.hatenablog.com/entry/2026/04/08/091143,https://twitter.com/endo1maruhan/status/2041116302170067134
2026-04-07,2026-04-06,機種,ギアスC.C.,寝不足&筋肉痛,寝不足&筋肉痛→カレン&C.C.,,,,https://sloslo-blog.hatenablog.com/entry/2026/04/08/091143,https://twitter.com/endo1maruhan/status/2041116302170067134
2026-04-07,2026-04-06,機種,ハッピー,周年月間,周年月間→お祝い→ハッピー,5,5,2880,https://sloslo-blog.hatenablog.com/entry/2026/04/08/091143,https://twitter.com/endo1maruhan/status/2041116302170067134
2026-04-07,2026-04-06,機種,マンキン,筋肉,筋肉→キン→キング,,,,https://sloslo-blog.hatenablog.com/entry/2026/04/08/091143,https://twitter.com/endo1maruhan/status/2041116302170067134
2026-04-07,2026-04-06,機種,七つ魔,7にまつわる機種,7にまつわる機種,,,,https://sloslo-blog.hatenablog.com/entry/2026/04/08/091143,https://twitter.com/endo1maruhan/status/2041116302170067134
2026-04-07,2026-04-06,機種,北斗転生2,7つの調味料,7つの調味料→北斗七星,25,35,4446,https://sloslo-blog.hatenablog.com/entry/2026/04/08/091143,https://twitter.com/endo1maruhan/status/2041116302170067134
2026-04-07,2026-04-06,機種,番長ZERO,特盛まで無料,特盛まで無料→無料→ZERO,2,2,2450,https://sloslo-blog.hatenablog.com/entry/2026/04/08/091143,https://twitter.com/endo1maruhan/status/2041116302170067134
2026-04-08,2026-04-07,機種,L炎炎,地下,地下→地下へ,2,2,6550,https://sloslo-blog.hatenablog.com/entry/2026/04/09/071346,https://twitter.com/endo1maruhan/status/2041478651947171956
2026-04-08,2026-04-07,機種,SBJ,4/8,4/8→山佐プレミアムDAY,6,6,2450,https://sloslo-blog.hatenablog.com/entry/2026/04/09/071346,https://twitter.com/endo1maruhan/status/2041478651947171956
2026-04-08,2026-04-07,機種,SBJ,ダル豆,ダル豆→豆→ジャックと豆の木→ジャック,6,6,2450,https://sloslo-blog.hatenablog.com/entry/2026/04/09/071346,https://twitter.com/endo1maruhan/status/2041478651947171956
2026-04-08,2026-04-07,機種,グランベルム,舞台,舞台→劇,,,,https://sloslo-blog.hatenablog.com/entry/2026/04/09/071346,https://twitter.com/endo1maruhan/status/2041478651947171956
2026-04-08,2026-04-07,機種,ハードボイルド,固ゆでたまご,固ゆでたまご→固い（ハード）,,,,https://sloslo-blog.hatenablog.com/entry/2026/04/09/071346,https://twitter.com/endo1maruhan/status/2041478651947171956
2026-04-08,2026-04-07,機種,鉄拳6,4/8,4/8→山佐プレミアムDAY,13,14,7829,https://sloslo-blog.hatenablog.com/entry/2026/04/09/071346,https://twitter.com/endo1maruhan/status/2041478651947171956
2026-04-08,2026-04-07,機種,鉄拳6,玉子,玉子→玉→拳球,13,14,7829,https://sloslo-blog.hatenablog.com/entry/2026/04/09/071346,https://twitter.com/endo1maruhan/status/2041478651947171956
2026-04-09,2026-04-08,機種,エウレカ,桜柄,桜柄→sakura,,,,https://sloslo-blog.hatenablog.com/entry/2026/04/10/075118,https://twitter.com/endo1maruhan/status/2041841025329852868
2026-04-09,2026-04-08,機種,グランベルム,てりたま,てりたま→ポークパティ→🐖,2,2,4500,https://sloslo-blog.hatenablog.com/entry/2026/04/10/075118,https://twitter.com/endo1maruhan/status/2041841025329852868
2026-04-09,2026-04-08,機種,グランベルム,透明なフタ,透明なフタ→ナカミミエール,2,2,4500,https://sloslo-blog.hatenablog.com/entry/2026/04/10/075118,https://twitter.com/endo1maruhan/status/2041841025329852868
2026-04-09,2026-04-08,機種,シェイク,マックシェイク,マックシェイク,2,3,633,https://sloslo-blog.hatenablog.com/entry/2026/04/10/075118,https://twitter.com/endo1maruhan/status/2041841025329852868
2026-04-09,2026-04-08,機種,スーパーブラックジャック,豆,豆→ジャックと豆の木,5,6,2167,https://sloslo-blog.hatenablog.com/entry/2026/04/10/075118,https://twitter.com/endo1maruhan/status/2041841025329852868
2026-04-09,2026-04-08,機種,マイジャグV,🫛就任48日目,🫛就任48日目→48台設置,45,48,3129,https://sloslo-blog.hatenablog.com/entry/2026/04/10/075118,https://twitter.com/endo1maruhan/status/2041841025329852868
2026-04-10,2026-04-09,機種,SAO,Web会議,Web会議→オンライン,,,,https://sloslo-blog.hatenablog.com/entry/2026/04/11/064402,https://twitter.com/endo1maruhan/status/2042203502827675680
2026-04-10,2026-04-09,機種,グランベルム,トンカツ,トンカツ→とんかつマン,,,,https://sloslo-blog.hatenablog.com/entry/2026/04/11/064402,https://twitter.com/endo1maruhan/status/2042203502827675680
2026-04-10,2026-04-09,機種,マギレコ,立て続けのWeb会議,立て続けのWeb会議→接続する→コネクト,,,,https://sloslo-blog.hatenablog.com/entry/2026/04/11/064402,https://twitter.com/endo1maruhan/status/2042203502827675680
2026-04-10,2026-04-09,機種,マンキン,銀皿,銀皿→シルバープレート→十祭司シルバ,,,,https://sloslo-blog.hatenablog.com/entry/2026/04/11/064402,https://twitter.com/endo1maruhan/status/2042203502827675680
2026-04-10,2026-04-09,機種,吉宗,週末,週末→末→松,,,,https://sloslo-blog.hatenablog.com/entry/2026/04/11/064402,https://twitter.com/endo1maruhan/status/2042203502827675680
2026-04-11,2026-04-10,機種,ヴヴヴ,オフミー決戦,オフミー決戦→決戦ボーナス,,,,https://sloslo-blog.hatenablog.com/entry/2026/04/12/065348,https://twitter.com/endo1maruhan/status/2042565840890138961
2026-04-11,2026-04-10,機種,ヴヴヴ,指南ショーコ誕生日🎂,指南ショーコ誕生日🎂,,,,https://sloslo-blog.hatenablog.com/entry/2026/04/12/065348,https://twitter.com/endo1maruhan/status/2042565840890138961
2026-04-11,2026-04-10,機種,化物語,（画像）しあわせ食感,（画像）しあわせ食感→倖時間,,,,https://sloslo-blog.hatenablog.com/entry/2026/04/12/065348,https://twitter.com/endo1maruhan/status/2042565840890138961
2026-04-11,2026-04-10,機種,北斗,新パッケージ,新パッケージ→シン,,,,https://sloslo-blog.hatenablog.com/entry/2026/04/12/065348,https://twitter.com/endo1maruhan/status/2042565840890138961
2026-04-12,2026-04-11,機種,Lハナビ,はなびらハナビ,はなびらハナビ,5,5,2520,https://sloslo-blog.hatenablog.com/entry/2026/04/13/072910,https://twitter.com/endo1maruhan/status/2042928291867504670
2026-04-12,2026-04-11,機種,Sこのすば,（MAP）ビール,（MAP）ビール→シュワシュワ,1,2,50,https://sloslo-blog.hatenablog.com/entry/2026/04/13/072910,https://twitter.com/endo1maruhan/status/2042928291867504670
2026-04-12,2026-04-11,機種,アバサー,ぱんぷく,ぱんぷく→ﾌﾟｸｩ🐡,2,2,1700,https://sloslo-blog.hatenablog.com/entry/2026/04/13/072910,https://twitter.com/endo1maruhan/status/2042928291867504670
2026-04-12,2026-04-11,機種,キンハナ,はなみ,はなみ→ハナ→ハナハナ,14,17,2041,https://sloslo-blog.hatenablog.com/entry/2026/04/13/072910,https://twitter.com/endo1maruhan/status/2042928291867504670
2026-04-12,2026-04-11,機種,ミスタージャグラー,（MAP）カラーコーン,（MAP）カラーコーン→コーン→コンタロー,,,,https://sloslo-blog.hatenablog.com/entry/2026/04/13/072910,https://twitter.com/endo1maruhan/status/2042928291867504670
2026-04-13,2026-04-18,機種,SAO,リーファ誕生日（4月19日）,リーファ誕生日（4月19日）,2,2,7250,https://sloslo-blog.hatenablog.com/entry/2026/04/20/073604,https://twitter.com/endo1maruhan/status/2045471162340450601
2026-04-13,2026-04-12,機種,Sカバネリ,美味,美味→美馬,3,3,2500,https://sloslo-blog.hatenablog.com/entry/2026/04/14/074325,https://twitter.com/endo1maruhan/status/2043290822280622563
2026-04-13,2026-04-12,機種,ウルミラ,100万人,100万人→ミラクル,4,5,1480,https://sloslo-blog.hatenablog.com/entry/2026/04/14/074325,https://twitter.com/endo1maruhan/status/2043290822280622563
2026-04-13,2026-04-12,機種,エウレカ,一週間,一週間→7日→セブン,,,,https://sloslo-blog.hatenablog.com/entry/2026/04/14/074325,https://twitter.com/endo1maruhan/status/2043290822280622563
2026-04-13,2026-04-12,機種,グランベルム,築地,築地→月,0,2,-1250,https://sloslo-blog.hatenablog.com/entry/2026/04/14/074325,https://twitter.com/endo1maruhan/status/2043290822280622563
2026-04-13,2026-04-12,機種,ゴージャグ3,20：31投稿,20：31投稿→サイ→ツノっち,,,,https://sloslo-blog.hatenablog.com/entry/2026/04/14/074325,https://twitter.com/endo1maruhan/status/2043290822280622563
2026-04-13,2026-04-18,機種,ジャグラーガールズ,投稿時間「20:55」,投稿時間「20:55」→55（GOGO）→ジャグラーシリーズ,6,6,3167,https://sloslo-blog.hatenablog.com/entry/2026/04/20/073604,https://twitter.com/endo1maruhan/status/2045471162340450601
2026-04-13,2026-04-12,機種,ハッピー,タコ,タコ→多幸,5,5,2020,https://sloslo-blog.hatenablog.com/entry/2026/04/14/074325,https://twitter.com/endo1maruhan/status/2043290822280622563
2026-04-13,2026-04-18,機種,ハッピー,投稿時間「20:55」,投稿時間「20:55」→55（GOGO）→ジャグラーシリーズ,5,5,3160,https://sloslo-blog.hatenablog.com/entry/2026/04/20/073604,https://twitter.com/endo1maruhan/status/2045471162340450601
2026-04-13,2026-04-18,機種,ハッピー,投稿時間「20:55」,投稿時間「20:55」→5台設置,5,5,3160,https://sloslo-blog.hatenablog.com/entry/2026/04/20/073604,https://twitter.com/endo1maruhan/status/2045471162340450601
2026-04-13,2026-04-12,機種,マギレコ,アプリ100万人記念,アプリ100万人記念→記録→レコード,8,10,3400,https://sloslo-blog.hatenablog.com/entry/2026/04/14/074325,https://twitter.com/endo1maruhan/status/2043290822280622563
2026-04-13,2026-04-12,機種,モンキーV,銀だこ,銀だこ→単位が”舟”→ボート,,,,https://sloslo-blog.hatenablog.com/entry/2026/04/14/074325,https://twitter.com/endo1maruhan/status/2043290822280622563
2026-04-13,2026-04-18,機種,モンキーV,投稿時間「20:55」,投稿時間「20:55」→5（V）,22,24,4758,https://sloslo-blog.hatenablog.com/entry/2026/04/20/073604,https://twitter.com/endo1maruhan/status/2045471162340450601
2026-04-13,2026-04-18,機種,モンキーV,サンデー,サンデー→少年サンデー,22,24,4758,https://sloslo-blog.hatenablog.com/entry/2026/04/20/073604,https://twitter.com/endo1maruhan/status/2045471162340450601
2026-04-13,2026-04-18,機種,モンハンライズ,バランス,バランス→ランス→隊長,5,7,2800,https://sloslo-blog.hatenablog.com/entry/2026/04/20/073604,https://twitter.com/endo1maruhan/status/2045471162340450601
2026-04-13,2026-04-18,機種,モンハンライズ,痺辛,痺辛→シビレ罠,5,7,2800,https://sloslo-blog.hatenablog.com/entry/2026/04/20/073604,https://twitter.com/endo1maruhan/status/2045471162340450601
2026-04-13,2026-04-12,機種,化物語,タコ,タコ→多幸→倖時間,,,,https://sloslo-blog.hatenablog.com/entry/2026/04/14/074325,https://twitter.com/endo1maruhan/status/2043290822280622563
2026-04-13,2026-04-12,機種,無職転生,ミリオン,ミリオン→100万,5,6,3050,https://sloslo-blog.hatenablog.com/entry/2026/04/14/074325,https://twitter.com/endo1maruhan/status/2043290822280622563
2026-04-13,2026-04-12,機種,無職転生,100万人記念,100万人記念,5,6,3050,https://sloslo-blog.hatenablog.com/entry/2026/04/14/074325,https://twitter.com/endo1maruhan/status/2043290822280622563
2026-04-13,2026-04-12,機種,無職転生,言い換える,言い換える→転生,5,6,3050,https://sloslo-blog.hatenablog.com/entry/2026/04/14/074325,https://twitter.com/endo1maruhan/status/2043290822280622563
2026-04-14,2026-04-13,機種,キンハナ,メニュー表にハイビスカス,メニュー表にハイビスカス,,,,https://sloslo-blog.hatenablog.com/entry/2026/04/15/082335,https://twitter.com/endo1maruhan/status/2043652978977206621
2026-04-14,2026-04-13,機種,攻殻機動隊,ジェントルマン,ジェントルマン→男→笑い男,5,5,6280,https://sloslo-blog.hatenablog.com/entry/2026/04/15/082335,https://twitter.com/endo1maruhan/status/2043652978977206621
2026-04-15,2026-04-14,機種,ウルミラ,Uターン,Uターン→タン→牛,,,,https://sloslo-blog.hatenablog.com/entry/2026/04/16/082308,https://twitter.com/endo1maruhan/status/2044015374224765394
2026-04-15,2026-04-14,機種,ゾンサガ,鶏肉,鶏肉→鳥→鳥放題ボーナス,,,,https://sloslo-blog.hatenablog.com/entry/2026/04/16/082308,https://twitter.com/endo1maruhan/status/2044015374224765394
2026-04-15,2026-04-14,機種,戦国乙女4,会議,会議→軍議,,,,https://sloslo-blog.hatenablog.com/entry/2026/04/16/082308,https://twitter.com/endo1maruhan/status/2044015374224765394
2026-04-15,2026-04-14,機種,炎炎2,丸ノ内線,丸ノ内線→地下鉄→ネザー,5,8,5425,https://sloslo-blog.hatenablog.com/entry/2026/04/16/082308,https://twitter.com/endo1maruhan/status/2044015374224765394
2026-04-16,2026-04-15,末尾・設置・記念日など,アナザー末尾,レーズンパンの数が②,レーズンパンの数が②,,,,https://sloslo-blog.hatenablog.com/entry/2026/04/17/083339,https://twitter.com/endo1maruhan/status/2044377707786756519
2026-04-16,2026-04-15,機種,ハッピー,レーズン,レーズン→ブドウ,4,5,2200,https://sloslo-blog.hatenablog.com/entry/2026/04/17/083339,https://twitter.com/endo1maruhan/status/2044377707786756519
2026-04-16,2026-04-15,機種,防振り,極太,極太→極振り,,,,https://sloslo-blog.hatenablog.com/entry/2026/04/17/083339,https://twitter.com/endo1maruhan/status/2044377707786756519
2026-04-17,2026-04-16,機種,SBJ,超コンソメ,超コンソメ→超→スーパー,5,6,4783,https://sloslo-blog.hatenablog.com/entry/2026/04/18/085841,https://twitter.com/endo1maruhan/status/2044740187553767925
2026-04-17,2026-04-16,機種,Sこのすば,コーラ,コーラ→シュワシュワ,2,2,2450,https://sloslo-blog.hatenablog.com/entry/2026/04/18/085841,https://twitter.com/endo1maruhan/status/2044740187553767925
2026-04-17,2026-04-16,機種,ToLOVEる,問題,問題→トラブル,2,4,5075,https://sloslo-blog.hatenablog.com/entry/2026/04/18/085841,https://twitter.com/endo1maruhan/status/2044740187553767925
2026-04-17,2026-04-16,機種,からくり,コンビニ,コンビニ→コンビ→鳴海＆勝,6,9,1456,https://sloslo-blog.hatenablog.com/entry/2026/04/18/085841,https://twitter.com/endo1maruhan/status/2044740187553767925
2026-04-17,2026-04-16,機種,アイム・東リベ,7まつわる,7まつわる→7台機種,,,,https://sloslo-blog.hatenablog.com/entry/2026/04/18/085841,https://twitter.com/endo1maruhan/status/2044740187553767925
2026-04-17,2026-04-16,機種,カバネリ海門,お菓子3個,お菓子3個→三択,15,16,3556,https://sloslo-blog.hatenablog.com/entry/2026/04/18/085841,https://twitter.com/endo1maruhan/status/2044740187553767925
2026-04-17,2026-04-16,機種,マンキン,ウルトラ,ウルトラ→ウルトラソウル→ソウル,2,3,2367,https://sloslo-blog.hatenablog.com/entry/2026/04/18/085841,https://twitter.com/endo1maruhan/status/2044740187553767925
2026-04-17,2026-04-16,機種,リゼロ2,同じ,同じ→双子,,,,https://sloslo-blog.hatenablog.com/entry/2026/04/18/085841,https://twitter.com/endo1maruhan/status/2044740187553767925
2026-04-17,2026-04-16,機種,七つ魔,7にまつわる機種,7にまつわる機種,,,,https://sloslo-blog.hatenablog.com/entry/2026/04/18/085841,https://twitter.com/endo1maruhan/status/2044740187553767925
2026-04-18,2026-04-17,機種,かぐや様,マクドナルド,マクドナルド→I’m lovin’ it→愛,12,16,4825,https://sloslo-blog.hatenablog.com/entry/2026/04/19/081144,https://twitter.com/endo1maruhan/status/2045102507651907589
2026-04-18,2026-04-17,機種,ドラハナ,チキンタツタ,チキンタツタ→竜田→龍,9,11,2627,https://sloslo-blog.hatenablog.com/entry/2026/04/19/081144,https://twitter.com/endo1maruhan/status/2045102507651907589
2026-04-18,2026-04-17,機種,番長ZERO,無くなってしまった,無くなってしまった→ゼロ,2,2,3450,https://sloslo-blog.hatenablog.com/entry/2026/04/19/081144,https://twitter.com/endo1maruhan/status/2045102507651907589
2026-04-20,2026-04-19,機種,アバサー30Φ,導入機種,導入機種,2,2,1500,https://sloslo-blog.hatenablog.com/entry/2026/04/21/075222,https://twitter.com/endo1maruhan/status/2045827428346720630
2026-04-20,2026-04-19,機種,アレックス,GOD導入,GOD導入→ゼウスの杖に鳥,2,4,850,https://sloslo-blog.hatenablog.com/entry/2026/04/21/075222,https://twitter.com/endo1maruhan/status/2045827428346720630
2026-04-20,2026-04-19,機種,レヴュースタァ,減台機種,減台機種,2,2,2150,https://sloslo-blog.hatenablog.com/entry/2026/04/21/075222,https://twitter.com/endo1maruhan/status/2045827428346720630
2026-04-21,2026-04-20,機種,SBJ,21日,21日→ブラックジャック,5,6,3167,https://sloslo-blog.hatenablog.com/entry/2026/04/22/090004,https://twitter.com/endo1maruhan/status/2046189705264615721
2026-04-21,2026-04-20,機種,バイオRE:2,元気100倍,元気100倍→バイ→バイオ,1,2,1400,https://sloslo-blog.hatenablog.com/entry/2026/04/22/090004,https://twitter.com/endo1maruhan/status/2046189705264615721
2026-04-21,2026-04-20,機種,ファンキー2,かぶきち,かぶきち→まろきち,32,32,3050,https://sloslo-blog.hatenablog.com/entry/2026/04/22/090004,https://twitter.com/endo1maruhan/status/2046189705264615721
2026-04-21,2026-04-20,機種,七つ魔,かぶきち,かぶきち→ぶき→武器→魔剣,,,,https://sloslo-blog.hatenablog.com/entry/2026/04/22/090004,https://twitter.com/endo1maruhan/status/2046189705264615721
2026-04-21,2026-04-20,機種,北斗,元気100倍,元気100倍→アンパンマン→アンパンチ→パンチ,8,8,2775,https://sloslo-blog.hatenablog.com/entry/2026/04/22/090004,https://twitter.com/endo1maruhan/status/2046189705264615721
2026-04-22,2026-04-21,機種,Lハナビ,チキンが文中に３連,チキンが文中に３連→３連ドン,4,5,1820,https://sloslo-blog.hatenablog.com/entry/2026/04/23/090414,https://twitter.com/endo1maruhan/status/2046552089451733331
2026-04-22,2026-04-21,機種,ギアスC.C.,末尾ゾロ目,末尾ゾロ目,,,,https://sloslo-blog.hatenablog.com/entry/2026/04/23/090414,https://twitter.com/endo1maruhan/status/2046552089451733331
2026-04-22,2026-04-21,機種,ミスタージャグラー,たくあん,たくあん→大根→コンたろ,,,,https://sloslo-blog.hatenablog.com/entry/2026/04/23/090414,https://twitter.com/endo1maruhan/status/2046552089451733331
2026-04-22,2026-04-21,機種,リゼロ2,チキンチキン,チキンチキン→チキチキ雪合戦,,,,https://sloslo-blog.hatenablog.com/entry/2026/04/23/090414,https://twitter.com/endo1maruhan/status/2046552089451733331
2026-04-22,2026-04-21,機種,新鬼武者3,バッタバタ,バッタバタ→バッサリ,2,4,-225,https://sloslo-blog.hatenablog.com/entry/2026/04/23/090414,https://twitter.com/endo1maruhan/status/2046552089451733331
2026-04-23,2026-04-22,機種,Sこのすば,周年前夜,周年前夜→祝福を,1,2,1050,https://sloslo-blog.hatenablog.com/entry/2026/04/24/081929,https://twitter.com/endo1maruhan/status/2046914441657323686
2026-04-23,2026-04-22,機種,ToLOVEる,決済出来ず,決済出来ず→トラブル,3,4,3000,https://sloslo-blog.hatenablog.com/entry/2026/04/24/081929,https://twitter.com/endo1maruhan/status/2046914441657323686
2026-04-23,2026-04-22,機種,エウレカ,QR,QR→QRコード→デンソーウェーブ開発→ウェーブ,,,,https://sloslo-blog.hatenablog.com/entry/2026/04/24/081929,https://twitter.com/endo1maruhan/status/2046914441657323686
2026-04-23,2026-04-22,機種,シェイク,スパイシー,スパイシー→SPICY-SEモード,3,3,2100,https://sloslo-blog.hatenablog.com/entry/2026/04/24/081929,https://twitter.com/endo1maruhan/status/2046914441657323686
2026-04-23,2026-04-22,機種,ファンキー2,CoCo壱番屋,CoCo壱番屋→①→ワン🐶→まろ吉,30,32,2700,https://sloslo-blog.hatenablog.com/entry/2026/04/24/081929,https://twitter.com/endo1maruhan/status/2046914441657323686
2026-04-23,2026-04-22,機種,攻殻機動隊,えび,えび→甲殻類→攻殻,3,5,400,https://sloslo-blog.hatenablog.com/entry/2026/04/24/081929,https://twitter.com/endo1maruhan/status/2046914441657323686
2026-04-24,2026-04-23,末尾・設置・記念日など,1台設置機種,11周年,11周年→1台設置機種11台,,,,https://sloslo-blog.hatenablog.com/entry/2026/04/25/092631,https://twitter.com/endo1maruhan/status/2047276832123183145
2026-04-24,2026-04-23,機種,ハッピー,周年日,周年日→ハッピー,,,,https://sloslo-blog.hatenablog.com/entry/2026/04/25/092631,https://twitter.com/endo1maruhan/status/2047276832123183145
2026-04-24,2026-04-23,機種,マイジャグV,まずは,まずは→エンドウ店長就任日と同じ仕掛け,47,48,3160,https://sloslo-blog.hatenablog.com/entry/2026/04/25/092631,https://twitter.com/endo1maruhan/status/2047276832123183145
2026-04-24,2026-04-23,末尾・設置・記念日など,末尾⑥,24日,24日→2+4＝6,54,67,2740,https://sloslo-blog.hatenablog.com/entry/2026/04/25/092631,https://twitter.com/endo1maruhan/status/2047276832123183145
2026-04-24,2026-04-23,末尾・設置・記念日など,末尾ゾロ目,11周年,11周年→ゾロ目,52,65,3202,https://sloslo-blog.hatenablog.com/entry/2026/04/25/092631,https://twitter.com/endo1maruhan/status/2047276832123183145
2026-04-25,2026-04-24,末尾・設置・記念日など,2台設置機種,12年目の2日目,12年目の2日目,,,,https://sloslo-blog.hatenablog.com/entry/2026/04/26/085038,https://twitter.com/endo1maruhan/status/2047639244483764356
2026-04-25,2026-04-24,機種,ドラハナ,ご飯,ご飯→孫悟飯→ドラゴンボール,10,11,2509,https://sloslo-blog.hatenablog.com/entry/2026/04/26/085038,https://twitter.com/endo1maruhan/status/2047639244483764356
2026-04-25,2026-04-24,機種,ファンキー2,まだまだ,まだまだ→ワンモアチャンス→ワン,31,32,2741,https://sloslo-blog.hatenablog.com/entry/2026/04/26/085038,https://twitter.com/endo1maruhan/status/2047639244483764356
2026-04-26,2026-04-25,末尾・設置・記念日など,3台設置機種,12年目の3日目,12年目の3日目,,,,https://sloslo-blog.hatenablog.com/entry/2026/04/27/083322,https://twitter.com/endo1maruhan/status/2048001592767762457
2026-04-26,2026-04-25,機種,からくり,サンデー,サンデー→少年サンデー,2,9,-2444,https://sloslo-blog.hatenablog.com/entry/2026/04/27/083322,https://twitter.com/endo1maruhan/status/2048001592767762457
2026-04-26,2026-04-25,末尾・設置・記念日など,アナザー末尾⑤,選べる麺の量５種,選べる麺の量５種,,,,https://sloslo-blog.hatenablog.com/entry/2026/04/27/083322,https://twitter.com/endo1maruhan/status/2048001592767762457
2026-04-27,2026-04-26,末尾・設置・記念日など,4台設置機種,12年目4日目,12年目4日目,,,,https://sloslo-blog.hatenablog.com/entry/2026/04/28/082017,https://twitter.com/endo1maruhan/status/2048364007585980454
2026-04-27,2026-04-26,機種,Sこのすば,キャベツ,キャベツ,2,2,2650,https://sloslo-blog.hatenablog.com/entry/2026/04/28/082017,https://twitter.com/endo1maruhan/status/2048364007585980454
2026-04-27,2026-04-26,機種,ハイパラ,入れ替え機種,入れ替え機種,,,,https://sloslo-blog.hatenablog.com/entry/2026/04/28/082017,https://twitter.com/endo1maruhan/status/2048364007585980454
2026-04-27,2026-04-26,機種,ミスタージャグラー,カーネルサンダース,カーネルサンダース→ミスター,5,5,3600,https://sloslo-blog.hatenablog.com/entry/2026/04/28/082017,https://twitter.com/endo1maruhan/status/2048364007585980454
2026-04-27,2026-04-26,機種,モンハンライズ,竜田,竜田→竜→百竜夜行,6,7,6857,https://sloslo-blog.hatenablog.com/entry/2026/04/28/082017,https://twitter.com/endo1maruhan/status/2048364007585980454
2026-04-27,2026-04-26,機種,北斗転生2,ケンタッキー,ケンタッキー→ケン,20,35,2160,https://sloslo-blog.hatenablog.com/entry/2026/04/28/082017,https://twitter.com/endo1maruhan/status/2048364007585980454
2026-04-28,2026-04-27,末尾・設置・記念日など,5台設置機種,12年目5日目,12年目5日目,,,,https://sloslo-blog.hatenablog.com/entry/2026/04/29/075407,https://twitter.com/endo1maruhan/status/2048726386081456385
2026-04-28,2026-04-27,機種,いざ番長,たまご,たまご→五輪玉,,,,https://sloslo-blog.hatenablog.com/entry/2026/04/29/075407,https://twitter.com/endo1maruhan/status/2048726386081456385
2026-04-28,2026-04-27,機種,ゴッドイーター,ハラペコ、食べ放題,ハラペコ、食べ放題→イーター,,,,https://sloslo-blog.hatenablog.com/entry/2026/04/29/075407,https://twitter.com/endo1maruhan/status/2048726386081456385
2026-04-28,2026-04-27,機種,ゴッドイーター,ランプ,ランプ→ランプの魔神→神,,,,https://sloslo-blog.hatenablog.com/entry/2026/04/29/075407,https://twitter.com/endo1maruhan/status/2048726386081456385
2026-04-28,2026-04-27,機種,ゾンサガ,チキン,チキン→鳥,,,,https://sloslo-blog.hatenablog.com/entry/2026/04/29/075407,https://twitter.com/endo1maruhan/status/2048726386081456385
2026-04-28,2026-04-27,機種,ゾンサガ,食べ放題,食べ放題→鳥放題,,,,https://sloslo-blog.hatenablog.com/entry/2026/04/29/075407,https://twitter.com/endo1maruhan/status/2048726386081456385
2026-04-28,2026-04-27,機種,ドラハナ,ランチ,ランチ→ドラゴンボール,,,,https://sloslo-blog.hatenablog.com/entry/2026/04/29/075407,https://twitter.com/endo1maruhan/status/2048726386081456385
2026-04-28,2026-04-27,機種,ネオアイムEX,リニューアル,リニューアル→新→ネオ,,,,https://sloslo-blog.hatenablog.com/entry/2026/04/29/075407,https://twitter.com/endo1maruhan/status/2048726386081456385
2026-04-28,2026-04-27,機種,ハナビ,ピース,ピース,,,,https://sloslo-blog.hatenablog.com/entry/2026/04/29/075407,https://twitter.com/endo1maruhan/status/2048726386081456385
2026-04-28,2026-04-27,機種,マイジャグV,米,米→マイ,,,,https://sloslo-blog.hatenablog.com/entry/2026/04/29/075407,https://twitter.com/endo1maruhan/status/2048726386081456385
2026-04-28,2026-04-27,機種,ミスタージャグラー,コーン,コーン→コーン🦊→キツネ,4,5,1520,https://sloslo-blog.hatenablog.com/entry/2026/04/29/075407,https://twitter.com/endo1maruhan/status/2048726386081456385
2026-04-28,2026-04-27,機種,ヴヴヴ2,最新ナンバーランプ設置箇所,最新ナンバーランプ設置箇所,,,,https://sloslo-blog.hatenablog.com/entry/2026/04/29/075407,https://twitter.com/endo1maruhan/status/2048726386081456385
2026-04-28,2026-04-27,機種,吉宗,鳥ムネ,鳥ムネ→吉宗,,,,https://sloslo-blog.hatenablog.com/entry/2026/04/29/075407,https://twitter.com/endo1maruhan/status/2048726386081456385
2026-04-29,2026-04-28,機種,SAO,明日も明日とて,明日も明日とて→アス→アスナ,2,2,4150,https://sloslo-blog.hatenablog.com/entry/2026/04/30/080606,https://twitter.com/endo1maruhan/status/2049088874446774414
2026-04-29,2026-04-28,機種,Sこのすば,福神漬,福神漬→福→祝福を,0,2,-850,https://sloslo-blog.hatenablog.com/entry/2026/04/30/080606,https://twitter.com/endo1maruhan/status/2049088874446774414
2026-04-29,2026-04-28,機種,Sカバネリ,新宿駅,新宿駅→列車,,,,https://sloslo-blog.hatenablog.com/entry/2026/04/30/080606,https://twitter.com/endo1maruhan/status/2049088874446774414
2026-04-29,2026-04-28,機種,アバサー,29日,29日→ぷくぅ,2,2,1900,https://sloslo-blog.hatenablog.com/entry/2026/04/30/080606,https://twitter.com/endo1maruhan/status/2049088874446774414
2026-04-29,2026-04-28,機種,グランベルム,打合せ,打合せ→会議、→三元豚→豚,2,2,2650,https://sloslo-blog.hatenablog.com/entry/2026/04/30/080606,https://twitter.com/endo1maruhan/status/2049088874446774414
2026-04-29,2026-04-28,機種,スーパーブラックジャック,11周年と6日目,11周年と6日目,4,6,1083,https://sloslo-blog.hatenablog.com/entry/2026/04/30/080606,https://twitter.com/endo1maruhan/status/2049088874446774414
2026-04-29,2026-04-28,機種,新鬼武者3,おにぎり,おにぎり→鬼斬り,3,4,5075,https://sloslo-blog.hatenablog.com/entry/2026/04/30/080606,https://twitter.com/endo1maruhan/status/2049088874446774414
2026-04-30,2026-04-29,機種,Sカバネリ,BOXティッシュ,BOXティッシュ→花柄→花が咲いている→咲かせ咲かせや,3,3,4333,https://sloslo-blog.hatenablog.com/entry/2026/05/01/073445,https://twitter.com/endo1maruhan/status/2049451212928589884
2026-04-30,2026-04-29,機種,アイム,周年7日目,周年7日目→7台設置,7,7,2129,https://sloslo-blog.hatenablog.com/entry/2026/05/01/073445,https://twitter.com/endo1maruhan/status/2049451212928589884
2026-04-30,2026-04-29,機種,カバネリ海門,BOXティッシュ,BOXティッシュ→花柄→花が咲いている→咲かせ咲かせや,14,16,4306,https://sloslo-blog.hatenablog.com/entry/2026/05/01/073445,https://twitter.com/endo1maruhan/status/2049451212928589884
2026-04-30,2026-04-29,機種,ハッピー,もり中華,もり中華→森→緑,5,5,3400,https://sloslo-blog.hatenablog.com/entry/2026/05/01/073445,https://twitter.com/endo1maruhan/status/2049451212928589884
2026-04-30,2026-04-29,機種,モンハンライズ,周年7日目,周年7日目→7台設置,6,7,8829,https://sloslo-blog.hatenablog.com/entry/2026/05/01/073445,https://twitter.com/endo1maruhan/status/2049451212928589884
2026-04-30,2026-04-29,機種,モンハンライズ,にく,にく→肉,6,7,8829,https://sloslo-blog.hatenablog.com/entry/2026/05/01/073445,https://twitter.com/endo1maruhan/status/2049451212928589884
2026-04-30,2026-04-29,機種,吉宗,月末,月末→松,,,,https://sloslo-blog.hatenablog.com/entry/2026/05/01/073445,https://twitter.com/endo1maruhan/status/2049451212928589884
2026-04-30,2026-04-29,機種,戦国乙女4,月末,月末→終わり→尾張,3,3,5733,https://sloslo-blog.hatenablog.com/entry/2026/05/01/073445,https://twitter.com/endo1maruhan/status/2049451212928589884
2026-04-30,2026-04-29,機種,戦国乙女4,周年月間の月末,周年月間の月末→終わり→尾張,3,3,5733,https://sloslo-blog.hatenablog.com/entry/2026/05/01/073445,https://twitter.com/endo1maruhan/status/2049451212928589884
2026-05-01,2026-04-30,機種,Lパチスロ炎炎ノ消防隊2,11年目8日目,11年目8日目,5,8,1200,https://sloslo-blog.hatenablog.com/entry/2026/05/02/073610,https://twitter.com/endo1maruhan/status/2049813592762187975
2026-05-01,2026-04-30,機種,Lパチスロ炎炎ノ消防隊2,#東京大戦,#東京大戦→8店舗→8台設置機種,5,8,1200,https://sloslo-blog.hatenablog.com/entry/2026/05/02/073610,https://twitter.com/endo1maruhan/status/2049813592762187975
2026-05-01,2026-04-30,機種,Lパチスロ炎炎ノ消防隊2,もやし,もやし→燃やし,5,8,1200,https://sloslo-blog.hatenablog.com/entry/2026/05/02/073610,https://twitter.com/endo1maruhan/status/2049813592762187975
2026-05-01,2026-04-30,機種,キンハナ,メニュー縦読みビオレ,メニュー縦読みビオレ→花王→ハナオウ,14,15,3160,https://sloslo-blog.hatenablog.com/entry/2026/05/02/073610,https://twitter.com/endo1maruhan/status/2049813592762187975
2026-05-01,2026-04-30,機種,キンハナ,黄金烏龍ハイ,黄金烏龍ハイ→黄金→キン,14,15,3160,https://sloslo-blog.hatenablog.com/entry/2026/05/02/073610,https://twitter.com/endo1maruhan/status/2049813592762187975
2026-05-01,2026-04-30,機種,グランベルム,新しい月,新しい月→月,2,2,2550,https://sloslo-blog.hatenablog.com/entry/2026/05/02/073610,https://twitter.com/endo1maruhan/status/2049813592762187975
2026-05-01,2026-04-30,機種,スマスロ北斗の拳,11年目8日目,11年目8日目,7,7,3500,https://sloslo-blog.hatenablog.com/entry/2026/05/02/073610,https://twitter.com/endo1maruhan/status/2049813592762187975
2026-05-01,2026-04-30,機種,スマスロ北斗の拳,#東京大戦,#東京大戦→8店舗→8台設置機種,7,7,3500,https://sloslo-blog.hatenablog.com/entry/2026/05/02/073610,https://twitter.com/endo1maruhan/status/2049813592762187975
2026-05-01,2026-04-30,機種,スマスロ北斗の拳,令和,令和→レイ→北斗,7,7,3500,https://sloslo-blog.hatenablog.com/entry/2026/05/02/073610,https://twitter.com/endo1maruhan/status/2049813592762187975
2026-05-01,2026-04-30,機種,マギレコ,ビール赤星（看板）,ビール赤星（看板）→星→⭐️→まどか☆マギカ,10,10,4810,https://sloslo-blog.hatenablog.com/entry/2026/05/02/073610,https://twitter.com/endo1maruhan/status/2049813592762187975
2026-05-01,2026-04-30,機種,マギレコ,スタートダッシュ,スタートダッシュ→スター→⭐️→まどか☆マギカ,10,10,4810,https://sloslo-blog.hatenablog.com/entry/2026/05/02/073610,https://twitter.com/endo1maruhan/status/2049813592762187975
2026-05-01,2026-04-30,機種,マギレコ,シングル,シングル→一人→ひとりぼっちの最果てのウワサ,10,10,4810,https://sloslo-blog.hatenablog.com/entry/2026/05/02/073610,https://twitter.com/endo1maruhan/status/2049813592762187975
2026-05-01,2026-04-30,機種,ヨルムンガンド,黄金,黄金→黄金の畑のカカシ,3,5,4900,https://sloslo-blog.hatenablog.com/entry/2026/05/02/073610,https://twitter.com/endo1maruhan/status/2049813592762187975
2026-05-02,2026-05-01,機種,からくり,11周年と9日目,11周年と9日目→9台設置機種,,,,https://sloslo-blog.hatenablog.com/entry/2026/05/03/072819,https://twitter.com/endo1maruhan/status/2050175949988057287
2026-05-02,2026-05-01,機種,からくり,唐揚げ,唐揚げ→から,,,,https://sloslo-blog.hatenablog.com/entry/2026/05/03/072819,https://twitter.com/endo1maruhan/status/2050175949988057287
2026-05-02,2026-05-01,機種,カバネリ海門,ワカメ,ワカメ→海藻→回想,,,,https://sloslo-blog.hatenablog.com/entry/2026/05/03/072819,https://twitter.com/endo1maruhan/status/2050175949988057287
2026-05-02,2026-05-01,機種,吉宗,つるかめ,つるかめ→鶴亀,,,,https://sloslo-blog.hatenablog.com/entry/2026/05/03/072819,https://twitter.com/endo1maruhan/status/2050175949988057287
2026-05-02,2026-05-01,機種,防振り,濃い目のつゆ,濃い目のつゆ→黒,,,,https://sloslo-blog.hatenablog.com/entry/2026/05/03/072819,https://twitter.com/endo1maruhan/status/2050175949988057287
2026-05-03,2026-05-02,機種,Lハナビ,5/3,5/3→5台3文字,5,5,3280,https://sloslo-blog.hatenablog.com/entry/2026/05/04/082642,https://twitter.com/endo1maruhan/status/2050538510256636283
2026-05-03,2026-05-02,機種,ハッピー,提供スピードが早い,提供スピードが早い→マッハ→マッハGOGOGO→5台ジャグラー,4,5,680,https://sloslo-blog.hatenablog.com/entry/2026/05/04/082642,https://twitter.com/endo1maruhan/status/2050538510256636283
2026-05-03,2026-05-02,機種,マンキン,レンゲ,レンゲ→蓮華→蓮,,,,https://sloslo-blog.hatenablog.com/entry/2026/05/04/082642,https://twitter.com/endo1maruhan/status/2050538510256636283
2026-05-04,2026-05-03,機種,いせかる,4枚,4枚→カルテット,3,3,2867,https://sloslo-blog.hatenablog.com/entry/2026/05/05/074901,https://twitter.com/endo1maruhan/status/2050900848528736492
2026-05-04,2026-05-03,機種,かぐや様,実は二郎は初めて,実は二郎は初めて→告白,11,16,4144,https://sloslo-blog.hatenablog.com/entry/2026/05/05/074901,https://twitter.com/endo1maruhan/status/2050900848528736492
2026-05-04,2026-05-03,機種,かぐや様,新ポスターピンク,新ポスターピンク,11,16,4144,https://sloslo-blog.hatenablog.com/entry/2026/05/05/074901,https://twitter.com/endo1maruhan/status/2050900848528736492
2026-05-04,2026-05-03,機種,ゴッドイーター,二郎,二郎→神豚→神,8,13,6215,https://sloslo-blog.hatenablog.com/entry/2026/05/05/074901,https://twitter.com/endo1maruhan/status/2050900848528736492
2026-05-04,2026-05-03,機種,ゴッドイーター,新ポスター赤,新ポスター赤,8,13,6215,https://sloslo-blog.hatenablog.com/entry/2026/05/05/074901,https://twitter.com/endo1maruhan/status/2050900848528736492
2026-05-04,2026-05-03,機種,ハッピー,みどりの日,みどりの日→緑色の筐体,4,5,1920,https://sloslo-blog.hatenablog.com/entry/2026/05/05/074901,https://twitter.com/endo1maruhan/status/2050900848528736492
2026-05-04,2026-05-03,機種,吉宗,週末,週末→松,,,,https://sloslo-blog.hatenablog.com/entry/2026/05/05/074901,https://twitter.com/endo1maruhan/status/2050900848528736492
2026-05-04,2026-05-03,末尾・設置・記念日など,画像の4機種は今回の結果を踏まえて,青（水）,青（水）→モンキーターン,,,,https://sloslo-blog.hatenablog.com/entry/2026/05/05/074901,https://twitter.com/endo1maruhan/status/2050900848528736492
2026-05-04,2026-05-03,末尾・設置・記念日など,画像の4機種は今回の結果を踏まえて,ピンク（ハート）,ピンク（ハート）→かぐや様,,,,https://sloslo-blog.hatenablog.com/entry/2026/05/05/074901,https://twitter.com/endo1maruhan/status/2050900848528736492
2026-05-04,2026-05-03,末尾・設置・記念日など,画像の4機種は今回の結果を踏まえて,赤（爪）,赤（爪）→ゴッドイーター,,,,https://sloslo-blog.hatenablog.com/entry/2026/05/05/074901,https://twitter.com/endo1maruhan/status/2050900848528736492
2026-05-04,2026-05-03,末尾・設置・記念日など,画像の4機種は今回の結果を踏まえて,オレンジ（歯車）,オレンジ（歯車）→からくり,,,,https://sloslo-blog.hatenablog.com/entry/2026/05/05/074901,https://twitter.com/endo1maruhan/status/2050900848528736492
2026-05-05,2026-05-04,機種,ギアスC.C.,末尾ゾロ目,末尾ゾロ目,,,,https://sloslo-blog.hatenablog.com/entry/2026/05/06/093205,https://twitter.com/endo1maruhan/status/2051263130031038551
2026-05-05,2026-05-04,機種,ゾンサガ,鳥,鳥→鳥放題ボーナス,,,,https://sloslo-blog.hatenablog.com/entry/2026/05/06/093205,https://twitter.com/endo1maruhan/status/2051263130031038551
2026-05-05,2026-05-04,機種,マイジャグV,5/5,5/5→5まつわる,,,,https://sloslo-blog.hatenablog.com/entry/2026/05/06/093205,https://twitter.com/endo1maruhan/status/2051263130031038551
2026-05-05,2026-05-04,機種,モンキーV,5/5,5/5→5まつわる,,,,https://sloslo-blog.hatenablog.com/entry/2026/05/06/093205,https://twitter.com/endo1maruhan/status/2051263130031038551
2026-05-05,2026-05-04,機種,真打吉宗,12年目の12日目,12年目の12日目,,,,https://sloslo-blog.hatenablog.com/entry/2026/05/06/093205,https://twitter.com/endo1maruhan/status/2051263130031038551
2026-05-06,2026-05-05,機種,Sこのすば,炭酸感,炭酸感→シュワシュワ,,,,https://sloslo-blog.hatenablog.com/entry/2026/05/07/102116,https://twitter.com/endo1maruhan/status/2051625535709511931
2026-05-06,2026-05-05,機種,Sこのすば,ラムネ,ラムネ→シュワシュワ,,,,https://sloslo-blog.hatenablog.com/entry/2026/05/07/102116,https://twitter.com/endo1maruhan/status/2051625535709511931
2026-05-06,2026-05-05,末尾・設置・記念日など,アナザー末尾⑦,セブンイレブン,セブンイレブン→末尾⑦,,,,https://sloslo-blog.hatenablog.com/entry/2026/05/07/102116,https://twitter.com/endo1maruhan/status/2051625535709511931
2026-05-06,2026-05-05,機種,マギレコ,コカコーラ,コカコーラ→世界一売れてる→レコード,,,,https://sloslo-blog.hatenablog.com/entry/2026/05/07/102116,https://twitter.com/endo1maruhan/status/2051625535709511931
2026-05-06,2026-05-05,機種,マギレコ,かむかむ,かむかむ→繰り返し→何度でも繰り返す,,,,https://sloslo-blog.hatenablog.com/entry/2026/05/07/102116,https://twitter.com/endo1maruhan/status/2051625535709511931
2026-05-06,2026-05-05,機種,ヨルムンガンド,ザ•トーキョーのポスターが夜,ザ•トーキョーのポスターが夜→ヨル,,,,https://sloslo-blog.hatenablog.com/entry/2026/05/07/102116,https://twitter.com/endo1maruhan/status/2051625535709511931
2026-05-06,2026-05-05,機種,ヨルムンガンド,5/6,5/6→ゴムの日→ワンピース→フォーワールドピース,,,,https://sloslo-blog.hatenablog.com/entry/2026/05/07/102116,https://twitter.com/endo1maruhan/status/2051625535709511931
2026-05-07,2026-05-06,機種,アイム,5月7日,5月7日→7台入替→7台機種,7,7,2186,https://sloslo-blog.hatenablog.com/entry/2026/05/08/075136,https://twitter.com/endo1maruhan/status/2051987949945008453
2026-05-07,2026-05-06,機種,アズレン,5/7,5/7→5台7文字→アズレン,2,5,1100,https://sloslo-blog.hatenablog.com/entry/2026/05/08/075136,https://twitter.com/endo1maruhan/status/2051987949945008453
2026-05-07,2026-05-06,機種,アズレン,なると,なると→うずまき→海→アズレン,2,5,1100,https://sloslo-blog.hatenablog.com/entry/2026/05/08/075136,https://twitter.com/endo1maruhan/status/2051987949945008453
2026-05-07,2026-05-06,機種,エウレカ,7にまつわる,7にまつわる,,,,https://sloslo-blog.hatenablog.com/entry/2026/05/08/075136,https://twitter.com/endo1maruhan/status/2051987949945008453
2026-05-07,2026-05-06,機種,エウレカ,超小規模,超小規模→コンパクト→コンパクトドライブ→🌹エウレカセブン,,,,https://sloslo-blog.hatenablog.com/entry/2026/05/08/075136,https://twitter.com/endo1maruhan/status/2051987949945008453
2026-05-07,2026-05-06,機種,エウレカ,超小規模,超小規模→バラ機種→1台機種,,,,https://sloslo-blog.hatenablog.com/entry/2026/05/08/075136,https://twitter.com/endo1maruhan/status/2051987949945008453
2026-05-07,2026-05-06,機種,サンダーV,三田,三田→サンダ→サンダー,3,4,1750,https://sloslo-blog.hatenablog.com/entry/2026/05/08/075136,https://twitter.com/endo1maruhan/status/2051987949945008453
2026-05-07,2026-05-06,機種,サンダーV,どこもかしこ,どこもかしこ→DOCOMO→thedayスポンサー→4階級制覇王者→4台機種,3,4,1750,https://sloslo-blog.hatenablog.com/entry/2026/05/08/075136,https://twitter.com/endo1maruhan/status/2051987949945008453
2026-05-07,2026-05-06,機種,シャーマンキング,中華,中華→ハオ→シャーマンキング,2,3,500,https://sloslo-blog.hatenablog.com/entry/2026/05/08/075136,https://twitter.com/endo1maruhan/status/2051987949945008453
2026-05-07,2026-05-06,機種,シャーマンキング,金賞受賞,金賞受賞→キン→シャーマンキング,2,3,500,https://sloslo-blog.hatenablog.com/entry/2026/05/08/075136,https://twitter.com/endo1maruhan/status/2051987949945008453
2026-05-07,2026-05-06,機種,ジャグラーガールズ,卵が二つ,卵が二つ→コンビ,5,6,1127,https://sloslo-blog.hatenablog.com/entry/2026/05/08/075136,https://twitter.com/endo1maruhan/status/2051987949945008453
2026-05-07,2026-05-06,機種,ハッピー,鯛だし塩つけ麺,鯛だし塩つけ麺→鯛→めでたい→ハッピー,5,5,2660,https://sloslo-blog.hatenablog.com/entry/2026/05/08/075136,https://twitter.com/endo1maruhan/status/2051987949945008453
2026-05-07,2026-05-06,機種,モンハンライズ,5月7日,5月7日→7台入替→7台機種,5,7,5567,https://sloslo-blog.hatenablog.com/entry/2026/05/08/075136,https://twitter.com/endo1maruhan/status/2051987949945008453
2026-05-07,2026-05-06,機種,モンハンライズ,つけ麺,つけ麺→ラーメン、つけ麺→狩野 英孝→狩→モンハン,5,7,5567,https://sloslo-blog.hatenablog.com/entry/2026/05/08/075136,https://twitter.com/endo1maruhan/status/2051987949945008453
2026-05-07,2026-05-06,機種,七つ魔,7にまつわる,7にまつわる,,,,https://sloslo-blog.hatenablog.com/entry/2026/05/08/075136,https://twitter.com/endo1maruhan/status/2051987949945008453
2026-05-07,2026-05-06,機種,七つ魔,超小規模,超小規模→バラ機種→1台機種,,,,https://sloslo-blog.hatenablog.com/entry/2026/05/08/075136,https://twitter.com/endo1maruhan/status/2051987949945008453
2026-05-07,2026-05-06,機種,戦国乙女4,おすすめ最終日,おすすめ最終日→終わり→尾張→戦国乙女,2,3,3167,https://sloslo-blog.hatenablog.com/entry/2026/05/08/075136,https://twitter.com/endo1maruhan/status/2051987949945008453
2026-05-07,2026-05-06,機種,戦国乙女4,三田製麺所,三田製麺所→ロゴマーク→家紋→武家→戦国乙女,2,3,3167,https://sloslo-blog.hatenablog.com/entry/2026/05/08/075136,https://twitter.com/endo1maruhan/status/2051987949945008453
2026-05-07,2026-05-06,機種,新鬼武者3,おしながき,おしながき→メニュー→ニュー→ニュー→新鬼武者,2,4,3875,https://sloslo-blog.hatenablog.com/entry/2026/05/08/075136,https://twitter.com/endo1maruhan/status/2051987949945008453
2026-05-07,2026-05-06,機種,新鬼武者3,5/7,5/7→ヴィルヘルム・ヴァン・アストレアBD（リゼロ）→剣鬼→鬼武者,2,4,3875,https://sloslo-blog.hatenablog.com/entry/2026/05/08/075136,https://twitter.com/endo1maruhan/status/2051987949945008453
2026-05-07,2026-05-06,機種,鉄拳6,テイクアウトok,テイクアウトok→KO→鉄拳,10,14,4279,https://sloslo-blog.hatenablog.com/entry/2026/05/08/075136,https://twitter.com/endo1maruhan/status/2051987949945008453
2026-05-07,2026-05-06,機種,鉄拳6,5/7,5/7→11年と14日→14台機種,10,14,4279,https://sloslo-blog.hatenablog.com/entry/2026/05/08/075136,https://twitter.com/endo1maruhan/status/2051987949945008453
2026-05-08,2026-05-07,機種,SBJ,5/8,5/8→山佐プレミアムDAY,4,6,1233,https://sloslo-blog.hatenablog.com/entry/2026/05/09/073555,https://twitter.com/endo1maruhan/status/2052350338058109414
2026-05-08,2026-05-07,機種,SBJ,まぐや,まぐや→真っ黒→ブラック,4,6,1233,https://sloslo-blog.hatenablog.com/entry/2026/05/09/073555,https://twitter.com/endo1maruhan/status/2052350338058109414
2026-05-08,2026-05-07,機種,Sカバネリ,海苔,海苔→海藻→回想,2,3,1833,https://sloslo-blog.hatenablog.com/entry/2026/05/09/073555,https://twitter.com/endo1maruhan/status/2052350338058109414
2026-05-08,2026-05-07,機種,エウレカ,桜,桜→SAKURA,,,,https://sloslo-blog.hatenablog.com/entry/2026/05/09/073555,https://twitter.com/endo1maruhan/status/2052350338058109414
2026-05-08,2026-05-07,機種,キンハナ,周年日から15日目,周年日から15日目→15台設置,14,15,3080,https://sloslo-blog.hatenablog.com/entry/2026/05/09/073555,https://twitter.com/endo1maruhan/status/2052350338058109414
2026-05-08,2026-05-07,機種,キンハナ,華（花）の金曜日,華（花）の金曜日→キンハナ,14,15,3080,https://sloslo-blog.hatenablog.com/entry/2026/05/09/073555,https://twitter.com/endo1maruhan/status/2052350338058109414
2026-05-08,2026-05-07,機種,ゴッドイーター,5/8,5/8→山佐プレミアムDAY,9,13,7123,https://sloslo-blog.hatenablog.com/entry/2026/05/09/073555,https://twitter.com/endo1maruhan/status/2052350338058109414
2026-05-08,2026-05-07,機種,ゴッドイーター,復活,復活→リザレクション,9,13,7123,https://sloslo-blog.hatenablog.com/entry/2026/05/09/073555,https://twitter.com/endo1maruhan/status/2052350338058109414
2026-05-09,2026-05-08,機種,エウレカ,掟,掟→起きて→モーニング→モーニンググローリー,,,,https://sloslo-blog.hatenablog.com/entry/2026/05/10/075425,https://twitter.com/endo1maruhan/status/2052712704411136466
2026-05-09,2026-05-08,機種,ギアス3C.C.&Kallen,列が無い,列が無い→ゼロ,,,,https://sloslo-blog.hatenablog.com/entry/2026/05/10/075425,https://twitter.com/endo1maruhan/status/2052712704411136466
2026-05-09,2026-05-08,機種,グランベルム,とんこつ,とんこつ→豚→トンカツマン,2,2,3150,https://sloslo-blog.hatenablog.com/entry/2026/05/10/075425,https://twitter.com/endo1maruhan/status/2052712704411136466
2026-05-09,2026-05-08,機種,ファンキー2,一蘭,一蘭→ワン→🐶,30,32,3078,https://sloslo-blog.hatenablog.com/entry/2026/05/10/075425,https://twitter.com/endo1maruhan/status/2052712704411136466
2026-05-09,2026-05-08,機種,北斗,共闘,共闘→レイ・トキ,7,8,1900,https://sloslo-blog.hatenablog.com/entry/2026/05/10/075425,https://twitter.com/endo1maruhan/status/2052712704411136466
2026-05-09,2026-05-08,機種,番長ZERO,共闘,共闘→教頭,1,2,1600,https://sloslo-blog.hatenablog.com/entry/2026/05/10/075425,https://twitter.com/endo1maruhan/status/2052712704411136466
2026-05-09,2026-05-08,機種,番長ZERO,スープ飲み干す,スープ飲み干す→スープゼロ,1,2,1600,https://sloslo-blog.hatenablog.com/entry/2026/05/10/075425,https://twitter.com/endo1maruhan/status/2052712704411136466
2026-05-10,2026-05-09,機種,からくり,ボクシング,ボクシング→一撃→運命の一劇,6,9,3189,https://sloslo-blog.hatenablog.com/entry/2026/05/11/074328,https://twitter.com/endo1maruhan/status/2053075147247038573
2026-05-10,2026-05-09,機種,からくり,サンデー,サンデー→からくり,6,9,3189,https://sloslo-blog.hatenablog.com/entry/2026/05/11/074328,https://twitter.com/endo1maruhan/status/2053075147247038573
2026-05-10,2026-05-09,機種,アレックス,ささみ,ささみ→鶏,4,4,3175,https://sloslo-blog.hatenablog.com/entry/2026/05/11/074328,https://twitter.com/endo1maruhan/status/2053075147247038573
2026-05-10,2026-05-09,機種,ドラハナ,ささみ2切れ,ささみ2切れ→3332→足して11,10,11,2118,https://sloslo-blog.hatenablog.com/entry/2026/05/11/074328,https://twitter.com/endo1maruhan/status/2053075147247038573
2026-05-10,2026-05-09,機種,ドラハナ,ささみの置き方が11,ささみの置き方が11→11台機種,10,11,2118,https://sloslo-blog.hatenablog.com/entry/2026/05/11/074328,https://twitter.com/endo1maruhan/status/2053075147247038573
2026-05-10,2026-05-09,機種,バイオRE:2,ドーム型,ドーム型→雨に濡れない→アンブレラ☂,2,2,5850,https://sloslo-blog.hatenablog.com/entry/2026/05/11/074328,https://twitter.com/endo1maruhan/status/2053075147247038573
2026-05-10,2026-05-09,機種,ミスタージャグラー,長嶋茂雄,長嶋茂雄→ミスタージャイアンツ,5,5,3920,https://sloslo-blog.hatenablog.com/entry/2026/05/11/074328,https://twitter.com/endo1maruhan/status/2053075147247038573
2026-05-10,2026-05-09,機種,吉宗,ライス🍚,ライス🍚→米将軍→吉宗,,,,https://sloslo-blog.hatenablog.com/entry/2026/05/11/074328,https://twitter.com/endo1maruhan/status/2053075147247038573
2026-05-11,2026-05-10,機種,ギアスC.C.,末尾ゾロ目,末尾ゾロ目,,,,https://sloslo-blog.hatenablog.com/entry/2026/05/12/075731,https://twitter.com/endo1maruhan/status/2053437565391507458
2026-05-11,2026-05-10,機種,シェイク,グリマスシェイク,グリマスシェイク→シェイク,3,3,3267,https://sloslo-blog.hatenablog.com/entry/2026/05/12/075731,https://twitter.com/endo1maruhan/status/2053437565391507458
2026-05-11,2026-05-10,機種,バイオRE:2,リクエスト,リクエスト→REクエスト,2,2,3650,https://sloslo-blog.hatenablog.com/entry/2026/05/12/075731,https://twitter.com/endo1maruhan/status/2053437565391507458
2026-05-11,2026-05-10,機種,モンキーV,12年目の18日目,12年目の18日目→18台設置,15,18,5117,https://sloslo-blog.hatenablog.com/entry/2026/05/12/075731,https://twitter.com/endo1maruhan/status/2053437565391507458
2026-05-11,2026-05-10,機種,絆2天膳,101台,101台→101回目のプロポーズ→僕は死にません→不老不死→天膳,2,4,5750,https://sloslo-blog.hatenablog.com/entry/2026/05/12/075731,https://twitter.com/endo1maruhan/status/2053437565391507458
2026-05-12,2026-05-11,機種,Lハナビ,丼丸,丼丸→ドン〇,5,5,3620,https://sloslo-blog.hatenablog.com/entry/2026/05/13/075810,https://twitter.com/endo1maruhan/status/2053799967303893407
2026-05-12,2026-05-11,機種,Lハナビ,こいのぼりふぇす,こいのぼりふぇす→祭,5,5,3620,https://sloslo-blog.hatenablog.com/entry/2026/05/13/075810,https://twitter.com/endo1maruhan/status/2053799967303893407
2026-05-12,2026-05-11,機種,SAO,スカイツリー（634m）,スカイツリー（634m）→宮本武蔵→二刀流チャンス,3,3,3433,https://sloslo-blog.hatenablog.com/entry/2026/05/13/075810,https://twitter.com/endo1maruhan/status/2053799967303893407
2026-05-12,2026-05-11,機種,SAO,リモートワーク,リモートワーク→オンライン,3,3,3433,https://sloslo-blog.hatenablog.com/entry/2026/05/13/075810,https://twitter.com/endo1maruhan/status/2053799967303893407
2026-05-12,2026-05-11,機種,ToLOVEる,およいで,およいで→およげ!たいやきくん→たいやき,4,6,4483,https://sloslo-blog.hatenablog.com/entry/2026/05/13/075810,https://twitter.com/endo1maruhan/status/2053799967303893407
2026-05-12,2026-05-11,機種,ひぐらし,こいのぼりふぇす,こいのぼりふぇす→祭,,,,https://sloslo-blog.hatenablog.com/entry/2026/05/13/075810,https://twitter.com/endo1maruhan/status/2053799967303893407
2026-05-12,2026-05-11,機種,スタハナ,スカイツリー,スカイツリー→ソラカラちゃん→スター,3,3,3167,https://sloslo-blog.hatenablog.com/entry/2026/05/13/075810,https://twitter.com/endo1maruhan/status/2053799967303893407
2026-05-13,2026-05-12,機種,ウルミラ,今週のメニュー★,今週のメニュー★→☆マーク,3,5,760,https://sloslo-blog.hatenablog.com/entry/2026/05/14/082923,https://twitter.com/endo1maruhan/status/2054162255546392899
2026-05-13,2026-05-12,機種,化物語,お昼,お昼→ヒル→吸血→吸血鬼,3,6,-183,https://sloslo-blog.hatenablog.com/entry/2026/05/14/082923,https://twitter.com/endo1maruhan/status/2054162255546392899
2026-05-13,2026-05-12,機種,絆2天膳,そぼろ,そぼろ→粗朧（そおぼろ）となった説→朧,4,4,4300,https://sloslo-blog.hatenablog.com/entry/2026/05/14/082923,https://twitter.com/endo1maruhan/status/2054162255546392899
2026-05-13,2026-05-12,機種,絆2天膳,千差万別,千差万別→1000→1000人撃破,4,4,4300,https://sloslo-blog.hatenablog.com/entry/2026/05/14/082923,https://twitter.com/endo1maruhan/status/2054162255546392899
2026-05-13,2026-05-12,機種,虚構推理,矢印マーク(納豆のパック),矢印マーク(納豆のパック),3,3,7400,https://sloslo-blog.hatenablog.com/entry/2026/05/14/082923,https://twitter.com/endo1maruhan/status/2054162255546392899
2026-05-13,2026-05-12,機種,鏡,丼ぶり,丼ぶり→ブリ→出世魚→出世,1,3,167,https://sloslo-blog.hatenablog.com/entry/2026/05/14/082923,https://twitter.com/endo1maruhan/status/2054162255546392899
2026-05-13,2026-05-12,機種,鏡,ミーティング,ミーティング→会議→サラリーマン,1,3,167,https://sloslo-blog.hatenablog.com/entry/2026/05/14/082923,https://twitter.com/endo1maruhan/status/2054162255546392899
2026-05-14,2026-05-13,機種,キンハナ,パンパン,パンパン→同じ言葉を繰り返す→ハナハナ,12,12,2492,https://sloslo-blog.hatenablog.com/entry/2026/05/15/072914,https://twitter.com/endo1maruhan/status/2054525402727739757
2026-05-14,2026-05-13,機種,キンハナ,エスパス新宿歌舞伎町店がキンパナ,エスパス新宿歌舞伎町店がキンパナ,12,12,2492,https://sloslo-blog.hatenablog.com/entry/2026/05/15/072914,https://twitter.com/endo1maruhan/status/2054525402727739757
2026-05-14,2026-05-13,機種,バイオRE:2,パンがセブンの増量中のコーンパン？,パンがセブンの増量中のコーンパン？→増殖,2,2,4400,https://sloslo-blog.hatenablog.com/entry/2026/05/15/072914,https://twitter.com/endo1maruhan/status/2054525402727739757
2026-05-14,2026-05-13,機種,バイオRE:2,杏仁豆腐,杏仁豆腐→豆腐,2,2,4400,https://sloslo-blog.hatenablog.com/entry/2026/05/15/072914,https://twitter.com/endo1maruhan/status/2054525402727739757
2026-05-14,2026-05-13,機種,マイジャグV,秋葉原,秋葉原→AKB48→48台設置,45,48,3042,https://sloslo-blog.hatenablog.com/entry/2026/05/15/072914,https://twitter.com/endo1maruhan/status/2054525402727739757
2026-05-14,2026-05-13,機種,モンキーV,4の付く日の青,4の付く日の青,16,18,4078,https://sloslo-blog.hatenablog.com/entry/2026/05/15/072914,https://twitter.com/endo1maruhan/status/2054525402727739757
2026-05-14,2026-05-13,機種,番長ZERO,パンパン,パンパン→パン→パンダ,2,2,4350,https://sloslo-blog.hatenablog.com/entry/2026/05/15/072914,https://twitter.com/endo1maruhan/status/2054525402727739757
2026-05-14,2026-05-13,機種,番長ZERO,上野,上野→パンダ,2,2,4350,https://sloslo-blog.hatenablog.com/entry/2026/05/15/072914,https://twitter.com/endo1maruhan/status/2054525402727739757
2026-05-14,2026-05-13,機種,鏡,パンパン,パンパン→パン→パンダ,3,3,3133,https://sloslo-blog.hatenablog.com/entry/2026/05/15/072914,https://twitter.com/endo1maruhan/status/2054525402727739757
2026-05-14,2026-05-13,機種,鏡,上野,上野→パンダ,3,3,3133,https://sloslo-blog.hatenablog.com/entry/2026/05/15/072914,https://twitter.com/endo1maruhan/status/2054525402727739757
2026-05-15,2026-05-14,機種,SAO,4枚目の写真の中にあるスイッチ,4枚目の写真の中にあるスイッチ→スイッチ目,3,3,5267,https://sloslo-blog.hatenablog.com/entry/2026/05/16/074722,https://twitter.com/endo1maruhan/status/2054887092187181270
2026-05-15,2026-05-14,機種,ウルミラ,金賞受賞★★★★★,金賞受賞★★★★★→星,5,5,2080,https://sloslo-blog.hatenablog.com/entry/2026/05/16/074722,https://twitter.com/endo1maruhan/status/2054887092187181270
2026-05-15,2026-05-14,機種,ウルミラ,ベーカリー,ベーカリー→べー→舌→タン,5,5,2080,https://sloslo-blog.hatenablog.com/entry/2026/05/16/074722,https://twitter.com/endo1maruhan/status/2054887092187181270
2026-05-15,2026-05-14,機種,サンダーV,キリン,キリン→白雷の幻獣（モンハン）→雷,4,4,2425,https://sloslo-blog.hatenablog.com/entry/2026/05/16/074722,https://twitter.com/endo1maruhan/status/2054887092187181270
2026-05-15,2026-05-14,機種,鏡,鉄板が米に見える,鉄板が米に見える→アメリカ,3,3,4600,https://sloslo-blog.hatenablog.com/entry/2026/05/16/074722,https://twitter.com/endo1maruhan/status/2054887092187181270
2026-05-15,2026-05-14,機種,鏡,ベーカリー,ベーカリー→ステフィン・カリー（NBA選手）→アメリカ,3,3,4600,https://sloslo-blog.hatenablog.com/entry/2026/05/16/074722,https://twitter.com/endo1maruhan/status/2054887092187181270
2026-05-16,2026-05-15,末尾・設置・記念日など,アナザー末尾⑤,50％,50％→5→末尾⑤,,,,https://sloslo-blog.hatenablog.com/entry/2026/05/17/074523,https://twitter.com/endo1maruhan/status/2055249510872330342
2026-05-16,2026-05-15,機種,サンダーV,お値段そのまま,お値段そのまま→据え置き→サンダー,4,4,1600,https://sloslo-blog.hatenablog.com/entry/2026/05/17/074523,https://twitter.com/endo1maruhan/status/2055249510872330342
2026-05-16,2026-05-15,機種,ジャグラーガールズ,コンビニ飯,コンビニ飯→コンビ→ガールズ,5,6,2733,https://sloslo-blog.hatenablog.com/entry/2026/05/17/074523,https://twitter.com/endo1maruhan/status/2055249510872330342
2026-05-17,2026-05-16,機種,からくり,サンデー,サンデー→少年サンデー,7,9,6011,https://sloslo-blog.hatenablog.com/entry/2026/05/18/073535,https://twitter.com/endo1maruhan/status/2055611875837296861
2026-05-17,2026-05-16,機種,アイム,17日,17日→7にまつわる→7台機種,6,7,1314,https://sloslo-blog.hatenablog.com/entry/2026/05/18/073535,https://twitter.com/endo1maruhan/status/2055611875837296861
2026-05-17,2026-05-16,機種,アレックス,鶏そば,鶏そば→鶏,4,4,2325,https://sloslo-blog.hatenablog.com/entry/2026/05/18/073535,https://twitter.com/endo1maruhan/status/2055611875837296861
2026-05-17,2026-05-16,機種,エウレカ,17日,17日→7にまつわる機種,,,,https://sloslo-blog.hatenablog.com/entry/2026/05/18/073535,https://twitter.com/endo1maruhan/status/2055611875837296861
2026-05-17,2026-05-16,機種,サンダーV,サンデー,サンデー→サンダー,3,4,750,https://sloslo-blog.hatenablog.com/entry/2026/05/18/073535,https://twitter.com/endo1maruhan/status/2055611875837296861
2026-05-17,2026-05-16,機種,サンダーV,三つ葉,三つ葉→3ダー,3,4,750,https://sloslo-blog.hatenablog.com/entry/2026/05/18/073535,https://twitter.com/endo1maruhan/status/2055611875837296861
2026-05-17,2026-05-16,機種,シャーマンキング,みた葉,みた葉→葉→朝倉葉,1,3,-700,https://sloslo-blog.hatenablog.com/entry/2026/05/18/073535,https://twitter.com/endo1maruhan/status/2055611875837296861
2026-05-17,2026-05-16,機種,マギレコ,トロトロ,トロトロ→106106→10台設置が⑥,8,10,2330,https://sloslo-blog.hatenablog.com/entry/2026/05/18/073535,https://twitter.com/endo1maruhan/status/2055611875837296861
2026-05-17,2026-05-16,機種,マギレコ,うさぎの近くにリボン🎀,うさぎの近くにリボン🎀→まどか,8,10,2330,https://sloslo-blog.hatenablog.com/entry/2026/05/18/073535,https://twitter.com/endo1maruhan/status/2055611875837296861
2026-05-17,2026-05-16,機種,リゼロ2,うさぎ,うさぎ→大兎殲滅戦,,,,https://sloslo-blog.hatenablog.com/entry/2026/05/18/073535,https://twitter.com/endo1maruhan/status/2055611875837296861
2026-05-17,2026-05-16,機種,七つ魔,17日,17日→7にまつわる機種,1,2,350,https://sloslo-blog.hatenablog.com/entry/2026/05/18/073535,https://twitter.com/endo1maruhan/status/2055611875837296861
2026-05-18,2026-05-17,機種,Sこのすば,水,水→アクア,2,2,1900,https://sloslo-blog.hatenablog.com/entry/2026/05/19/074306,https://twitter.com/endo1maruhan/status/2055974259202355371
2026-05-18,2026-05-17,機種,リゼロ2,パチンコオススメ機種がリゼロ,パチンコオススメ機種がリゼロ,,,,https://sloslo-blog.hatenablog.com/entry/2026/05/19/074306,https://twitter.com/endo1maruhan/status/2055974259202355371
2026-05-18,2026-05-17,機種,戦国乙女4,白ゴマ,白ゴマ→シロ,5,5,10520,https://sloslo-blog.hatenablog.com/entry/2026/05/19/074306,https://twitter.com/endo1maruhan/status/2055974259202355371
2026-05-19,2026-05-18,機種,Sカバネリ,フレンチフライ,フレンチフライ→フランス国旗→3色,3,3,2433,https://sloslo-blog.hatenablog.com/entry/2026/05/20/073922,https://twitter.com/endo1maruhan/status/2056336602209595772
2026-05-19,2026-05-18,機種,Sカバネリ,バーガーキング,バーガーキング→バーキン👜→エルメス→馬→美馬,3,3,2433,https://sloslo-blog.hatenablog.com/entry/2026/05/20/073922,https://twitter.com/endo1maruhan/status/2056336602209595772
2026-05-19,2026-05-18,機種,ウルミラ,画像3枚目の右側の看板に書いてる黒毛和牛二葉,画像3枚目の右側の看板に書いてる黒毛和牛二葉→牛→べこたん,4,5,1500,https://sloslo-blog.hatenablog.com/entry/2026/05/20/073922,https://twitter.com/endo1maruhan/status/2056336602209595772
2026-05-19,2026-05-18,機種,キンハナ,バーガーキング,バーガーキング→キング,10,12,1833,https://sloslo-blog.hatenablog.com/entry/2026/05/20/073922,https://twitter.com/endo1maruhan/status/2056336602209595772
2026-05-19,2026-05-18,機種,シェイク,スパイシーサルサ,スパイシーサルサ→スパイシー→SPICY-SEモード,2,3,1167,https://sloslo-blog.hatenablog.com/entry/2026/05/20/073922,https://twitter.com/endo1maruhan/status/2056336602209595772
2026-05-19,2026-05-18,機種,ゾンサガ,画像3枚目の右側の看板に書いてる黒毛和牛二葉,画像3枚目の右側の看板に書いてる黒毛和牛二葉→黒毛和牛→佐賀牛,,,,https://sloslo-blog.hatenablog.com/entry/2026/05/20/073922,https://twitter.com/endo1maruhan/status/2056336602209595772
2026-05-19,2026-05-18,機種,リゼロ2,画像3枚目の右側の看板に書いてる黒毛和牛二葉,画像3枚目の右側の看板に書いてる黒毛和牛二葉→二葉→双葉→双子,,,,https://sloslo-blog.hatenablog.com/entry/2026/05/20/073922,https://twitter.com/endo1maruhan/status/2056336602209595772
2026-05-19,2026-05-18,機種,リゼロ2,サルサ,サルサ→回文→ループ,,,,https://sloslo-blog.hatenablog.com/entry/2026/05/20/073922,https://twitter.com/endo1maruhan/status/2056336602209595772
2026-05-20,2026-05-19,機種,SAO,モバイルオーダー📲,モバイルオーダー📲→オンライン,3,3,4567,https://sloslo-blog.hatenablog.com/entry/2026/05/21/074345,https://twitter.com/endo1maruhan/status/2056698950057414956
2026-05-20,2026-05-19,機種,ゴージャグ3,20日,20日→英字Oがツー2→Oが2個→GOGO,17,22,1400,https://sloslo-blog.hatenablog.com/entry/2026/05/21/074345,https://twitter.com/endo1maruhan/status/2056698950057414956
2026-05-20,2026-05-19,機種,ゴージャグ3,ガッツリ,ガッツリ→ガツ→内臓→象,17,22,1400,https://sloslo-blog.hatenablog.com/entry/2026/05/21/074345,https://twitter.com/endo1maruhan/status/2056698950057414956
2026-05-20,2026-05-19,機種,攻殻機動隊,えびアボカド,えびアボカド→エビは甲殻類🦐,5,5,3940,https://sloslo-blog.hatenablog.com/entry/2026/05/21/074345,https://twitter.com/endo1maruhan/status/2056698950057414956
2026-05-20,2026-05-19,機種,虚構推理,SUBWAY⤴,SUBWAY⤴→矢印→筐体に矢印がある機種,3,3,5600,https://sloslo-blog.hatenablog.com/entry/2026/05/21/074345,https://twitter.com/endo1maruhan/status/2056698950057414956
2026-05-21,2026-05-20,機種,ToLOVEる,月2キロペース,月2キロペース→就任3ヶ月で6キロ→6台設置機種,4,6,7467,https://sloslo-blog.hatenablog.com/entry/2026/05/22/071146,https://twitter.com/endo1maruhan/status/2057061309355839887
2026-05-21,2026-05-20,機種,アレックス,カツ丼,カツ丼→卵,4,4,3500,https://sloslo-blog.hatenablog.com/entry/2026/05/22/071146,https://twitter.com/endo1maruhan/status/2057061309355839887
2026-05-21,2026-05-20,機種,ジャグラーガールズ,月2キロペース,月2キロペース→就任3ヶ月で6キロ→6台設置機種,6,6,4083,https://sloslo-blog.hatenablog.com/entry/2026/05/22/071146,https://twitter.com/endo1maruhan/status/2057061309355839887
2026-05-21,2026-05-20,機種,スーパーブラックジャック,月2キロペース,月2キロペース→就任3ヶ月で6キロ→6台設置機種,3,6,100,https://sloslo-blog.hatenablog.com/entry/2026/05/22/071146,https://twitter.com/endo1maruhan/status/2057061309355839887
2026-05-21,2026-05-20,機種,バイオRE:3,店長就任3か月,店長就任3か月→3まつわる,10,15,3433,https://sloslo-blog.hatenablog.com/entry/2026/05/22/071146,https://twitter.com/endo1maruhan/status/2057061309355839887
2026-05-21,2026-05-20,機種,マイジャグV,諸悪の根源,諸悪の根源→根源→新宿東宝の根源といえば？,48,48,3092,https://sloslo-blog.hatenablog.com/entry/2026/05/22/071146,https://twitter.com/endo1maruhan/status/2057061309355839887
2026-05-21,2026-05-20,機種,リゼロ2,多めに頼む,多めに頼む→強欲,,,,https://sloslo-blog.hatenablog.com/entry/2026/05/22/071146,https://twitter.com/endo1maruhan/status/2057061309355839887
2026-05-21,2026-05-20,機種,化物語,月2キロペース,月2キロペース→就任3ヶ月で6キロ→6台設置機種,6,6,3383,https://sloslo-blog.hatenablog.com/entry/2026/05/22/071146,https://twitter.com/endo1maruhan/status/2057061309355839887
2026-05-21,2026-05-20,機種,化物語,漬物,漬物→つケモノ→バケモノ,6,6,3383,https://sloslo-blog.hatenablog.com/entry/2026/05/22/071146,https://twitter.com/endo1maruhan/status/2057061309355839887
2026-05-22,2026-05-21,機種,Sこのすば,創業の日,創業の日→祝福を,2,2,3400,https://sloslo-blog.hatenablog.com/entry/2026/05/23/080739,https://twitter.com/endo1maruhan/status/2057423806462132716
2026-05-22,2026-05-21,機種,うみねこ,体力が足りない,体力が足りない→泣く,4,4,1975,https://sloslo-blog.hatenablog.com/entry/2026/05/23/080739,https://twitter.com/endo1maruhan/status/2057423806462132716
2026-05-22,2026-05-21,機種,うみねこ,体力が足りなさそう,体力が足りなさそう→なくなく行けない→なく頃に2,4,4,1975,https://sloslo-blog.hatenablog.com/entry/2026/05/23/080739,https://twitter.com/endo1maruhan/status/2057423806462132716
2026-05-22,2026-05-21,機種,うみねこ,レモン,レモン→ビタミン→ビタ民→ビタ押し→お見事,4,4,1975,https://sloslo-blog.hatenablog.com/entry/2026/05/23/080739,https://twitter.com/endo1maruhan/status/2057423806462132716
2026-05-22,2026-05-21,機種,ゾンサガ,5/22,5/22→たまご料理の日→たまご（05）にわとり（22）→鳥,,,,https://sloslo-blog.hatenablog.com/entry/2026/05/23/080739,https://twitter.com/endo1maruhan/status/2057423806462132716
2026-05-22,2026-05-21,機種,ゾンサガ,5/22,5/22→ガールスカウトの日→スカウト→アイドル,,,,https://sloslo-blog.hatenablog.com/entry/2026/05/23/080739,https://twitter.com/endo1maruhan/status/2057423806462132716
2026-05-22,2026-05-21,機種,ミスタージャグラー,ブラックペッパー,ブラックペッパー→ブラック,4,5,1840,https://sloslo-blog.hatenablog.com/entry/2026/05/23/080739,https://twitter.com/endo1maruhan/status/2057423806462132716
2026-05-22,2026-05-21,機種,戦国乙女4,貝出汁,貝出汁→買い出し→お買い物タイム,3,5,2700,https://sloslo-blog.hatenablog.com/entry/2026/05/23/080739,https://twitter.com/endo1maruhan/status/2057423806462132716
2026-05-22,2026-05-21,機種,番長ZERO,ギャオスロ,ギャオスロ→オス→押忍,2,2,3650,https://sloslo-blog.hatenablog.com/entry/2026/05/23/080739,https://twitter.com/endo1maruhan/status/2057423806462132716
2026-05-22,2026-05-21,機種,真一騎当千,ファン感,ファン感→クジ引き→当選,2,2,1850,https://sloslo-blog.hatenablog.com/entry/2026/05/23/080739,https://twitter.com/endo1maruhan/status/2057423806462132716
2026-05-22,2026-05-21,機種,真一騎当千,5/22,5/22→東京スカイツリー開業→高さ634m→武蔵,2,2,1850,https://sloslo-blog.hatenablog.com/entry/2026/05/23/080739,https://twitter.com/endo1maruhan/status/2057423806462132716
2026-05-23,2026-05-22,機種,SAO,鯖焼き,鯖焼き→さば→サーバー,3,3,667,https://sloslo-blog.hatenablog.com/entry/2026/05/24/080326,https://twitter.com/endo1maruhan/status/2057786076736193019
2026-05-23,2026-05-22,機種,SAO,右往左往,右往左往→UOOSAOO→SAO,3,3,667,https://sloslo-blog.hatenablog.com/entry/2026/05/24/080326,https://twitter.com/endo1maruhan/status/2057786076736193019
2026-05-23,2026-05-22,機種,ToLOVEる,50％,50％→0がハート→ラブ,4,6,717,https://sloslo-blog.hatenablog.com/entry/2026/05/24/080326,https://twitter.com/endo1maruhan/status/2057786076736193019
2026-05-23,2026-05-22,機種,いざ番長,鰹節,鰹節→武士→いざ番長,4,4,5850,https://sloslo-blog.hatenablog.com/entry/2026/05/24/080326,https://twitter.com/endo1maruhan/status/2057786076736193019
2026-05-23,2026-05-22,機種,いざ番長,サンマ,サンマ→秋刀魚→刀→武士,4,4,5850,https://sloslo-blog.hatenablog.com/entry/2026/05/24/080326,https://twitter.com/endo1maruhan/status/2057786076736193019
2026-05-23,2026-05-22,機種,アズレン,海鮮料理,海鮮料理→海戦,2,5,940,https://sloslo-blog.hatenablog.com/entry/2026/05/24/080326,https://twitter.com/endo1maruhan/status/2057786076736193019
2026-05-23,2026-05-22,機種,ギアスC.C.,とろろ,とろろ→ロロ→ロロ・ランペルージ,,,,https://sloslo-blog.hatenablog.com/entry/2026/05/24/080326,https://twitter.com/endo1maruhan/status/2057786076736193019
2026-05-23,2026-05-22,機種,ギアスC.C.,セブンイレブン,セブンイレブン→エリアイレブン,,,,https://sloslo-blog.hatenablog.com/entry/2026/05/24/080326,https://twitter.com/endo1maruhan/status/2057786076736193019
2026-05-23,2026-05-22,機種,ドッチ,漬物,漬物→つけもの→けもの→アニマル,1,2,100,https://sloslo-blog.hatenablog.com/entry/2026/05/24/080326,https://twitter.com/endo1maruhan/status/2057786076736193019
2026-05-23,2026-05-22,機種,バイオRE:2,結局半そで,結局半そで→RE,2,2,700,https://sloslo-blog.hatenablog.com/entry/2026/05/24/080326,https://twitter.com/endo1maruhan/status/2057786076736193019
2026-05-23,2026-05-22,機種,ファンキー2,ファン感,ファン感→ファンキー,32,32,3103,https://sloslo-blog.hatenablog.com/entry/2026/05/24/080326,https://twitter.com/endo1maruhan/status/2057786076736193019
2026-05-23,2026-05-22,機種,ファンキー2,漬物,漬物→たくあん→ワン🐶,32,32,3103,https://sloslo-blog.hatenablog.com/entry/2026/05/24/080326,https://twitter.com/endo1maruhan/status/2057786076736193019
2026-05-24,2026-05-23,機種,かぐや様,最適解,最適解→最善のアプローチ,10,16,4962,https://sloslo-blog.hatenablog.com/entry/2026/05/25/074803,https://twitter.com/endo1maruhan/status/2058148464245231958
2026-05-24,2026-05-23,機種,ひぐらし,最適解,最適解→解→運命の解,,,,https://sloslo-blog.hatenablog.com/entry/2026/05/25/074803,https://twitter.com/endo1maruhan/status/2058148464245231958
2026-05-24,2026-05-23,機種,アイム,最適解,最適解→サイ適解→サイ,7,7,2314,https://sloslo-blog.hatenablog.com/entry/2026/05/25/074803,https://twitter.com/endo1maruhan/status/2058148464245231958
2026-05-24,2026-05-23,機種,サンダーV,カーネル・サンダース,カーネル・サンダース→サンダー,3,4,2175,https://sloslo-blog.hatenablog.com/entry/2026/05/25/074803,https://twitter.com/endo1maruhan/status/2058148464245231958
2026-05-24,2026-05-23,機種,ハッピー,クリスピー,クリスピー→リス→おっぽ,4,5,560,https://sloslo-blog.hatenablog.com/entry/2026/05/25/074803,https://twitter.com/endo1maruhan/status/2058148464245231958
2026-05-24,2026-05-23,機種,ヨルムンガンド,サンデー,サンデー→月刊サンデー,1,5,-1120,https://sloslo-blog.hatenablog.com/entry/2026/05/25/074803,https://twitter.com/endo1maruhan/status/2058148464245231958
2026-05-24,2026-05-23,機種,リゼロ2,クリスピー,クリスピー→クリスピー・クリーム・ドーナツ→◯,,,,https://sloslo-blog.hatenablog.com/entry/2026/05/25/074803,https://twitter.com/endo1maruhan/status/2058148464245231958
2026-05-24,2026-05-23,機種,リゼロ2,半額,半額→ハーフ→ハーフエルフ→エミリア,,,,https://sloslo-blog.hatenablog.com/entry/2026/05/25/074803,https://twitter.com/endo1maruhan/status/2058148464245231958
2026-05-24,2026-05-23,機種,化物語,難民,難民→迷う→迷いマイマイ,5,6,1000,https://sloslo-blog.hatenablog.com/entry/2026/05/25/074803,https://twitter.com/endo1maruhan/status/2058148464245231958
2026-05-25,2026-05-24,機種,SBJ,写真のドリンクがドクターペッパー,写真のドリンクがドクターペッパー→ドクター→医者→ブラックジャック,4,6,3267,https://sloslo-blog.hatenablog.com/entry/2026/05/26/072216,https://twitter.com/endo1maruhan/status/2058510941143417056
2026-05-25,2026-05-24,機種,シャーマンキング,バーガーキング,バーガーキング→キング,2,3,2600,https://sloslo-blog.hatenablog.com/entry/2026/05/26/072216,https://twitter.com/endo1maruhan/status/2058510941143417056
2026-05-25,2026-05-24,機種,バンドリ,デスク,デスク→ディスク,,,,https://sloslo-blog.hatenablog.com/entry/2026/05/26/072216,https://twitter.com/endo1maruhan/status/2058510941143417056
2026-05-25,2026-05-24,機種,ファンキー2,12年32日目,12年32日目→32台設置,32,32,3016,https://sloslo-blog.hatenablog.com/entry/2026/05/26/072216,https://twitter.com/endo1maruhan/status/2058510941143417056
2026-05-25,2026-05-24,機種,ファンキー2,新台機種犬夜叉,新台機種犬夜叉→犬,32,32,3016,https://sloslo-blog.hatenablog.com/entry/2026/05/26/072216,https://twitter.com/endo1maruhan/status/2058510941143417056
2026-05-25,2026-05-24,機種,ヨルムンガンド,オーダー,オーダー→パーフェクトオーダー,2,3,9567,https://sloslo-blog.hatenablog.com/entry/2026/05/26/072216,https://twitter.com/endo1maruhan/status/2058510941143417056
2026-05-25,2026-05-24,機種,ヴヴヴ,エルエルフキャラ誕,エルエルフキャラ誕,1,4,1075,https://sloslo-blog.hatenablog.com/entry/2026/05/26/072216,https://twitter.com/endo1maruhan/status/2058510941143417056
2026-05-26,2026-05-25,機種,ToLOVEる,日中,日中→チュウ→キス→ときめきスイート,,,,https://sloslo-blog.hatenablog.com/entry/2026/05/27/074707,https://twitter.com/endo1maruhan/status/2058873272473731392
2026-05-26,2026-05-25,末尾・設置・記念日など,アナザー末尾⑤,天丼,天丼→10,,,,https://sloslo-blog.hatenablog.com/entry/2026/05/27/074707,https://twitter.com/endo1maruhan/status/2058873272473731392
2026-05-26,2026-05-25,末尾・設置・記念日など,アナザー末尾⑤,メニューの金額の末尾がすべて0,メニューの金額の末尾がすべて0,,,,https://sloslo-blog.hatenablog.com/entry/2026/05/27/074707,https://twitter.com/endo1maruhan/status/2058873272473731392
2026-05-26,2026-05-25,機種,ハッピー,エビの尻尾,エビの尻尾→おっぽ,5,5,2180,https://sloslo-blog.hatenablog.com/entry/2026/05/27/074707,https://twitter.com/endo1maruhan/status/2058873272473731392
2026-05-26,2026-05-25,機種,バイオRE:2,立川,立川→川→リバー→REバー,2,2,6250,https://sloslo-blog.hatenablog.com/entry/2026/05/27/074707,https://twitter.com/endo1maruhan/status/2058873272473731392
2026-05-26,2026-05-25,機種,リゼロ2,立川,立川→川→リバー→REバー,,,,https://sloslo-blog.hatenablog.com/entry/2026/05/27/074707,https://twitter.com/endo1maruhan/status/2058873272473731392
2026-05-26,2026-05-25,機種,防振り,メープルもみじの日【メイ(=May5月)プ(2)ル(6)】,メープルもみじの日【メイ(=May5月)プ(2)ル(6)】,4,5,3220,https://sloslo-blog.hatenablog.com/entry/2026/05/27/074707,https://twitter.com/endo1maruhan/status/2058873272473731392
2026-05-27,2026-05-26,機種,からくり,サンデー,サンデー→少年サンデー,,,,https://sloslo-blog.hatenablog.com/entry/2026/05/28/082225,https://x.com/endo1maruhan/status/2059235645839540351
2026-05-27,2026-05-26,機種,アイム,７にまつわる機種,７にまつわる機種,6,7,3086,https://sloslo-blog.hatenablog.com/entry/2026/05/28/082225,https://x.com/endo1maruhan/status/2059235645839540351
2026-05-27,2026-05-26,機種,アイム,働組合主催,働組合主催→シュサイ→サイ,6,7,3086,https://sloslo-blog.hatenablog.com/entry/2026/05/28/082225,https://x.com/endo1maruhan/status/2059235645839540351
2026-05-27,2026-05-26,機種,アズレン,5月27日,5月27日→日本海海戦の日→海戦,3,5,3180,https://sloslo-blog.hatenablog.com/entry/2026/05/28/082225,https://x.com/endo1maruhan/status/2059235645839540351
2026-05-27,2026-05-26,機種,グランベルム,手につきにくい,手につきにくい→月,2,2,1850,https://sloslo-blog.hatenablog.com/entry/2026/05/28/082225,https://x.com/endo1maruhan/status/2059235645839540351
2026-05-27,2026-05-26,機種,ネオアイムEX,労働組合主催,労働組合主催→シュサイ→サイ,34,40,1570,https://sloslo-blog.hatenablog.com/entry/2026/05/28/082225,https://x.com/endo1maruhan/status/2059235645839540351
2026-05-27,2026-05-26,機種,ネオアイムEX,写真のお菓子M&Ms内容量40ｇ,写真のお菓子M&Ms内容量40ｇ→40台機種,34,40,1570,https://sloslo-blog.hatenablog.com/entry/2026/05/28/082225,https://x.com/endo1maruhan/status/2059235645839540351
2026-05-27,2026-05-26,機種,ハードボイルド,ガリガリ君多言語化パッケージ,ガリガリ君多言語化パッケージ→グローバル→グロー→タバコ,,,,https://sloslo-blog.hatenablog.com/entry/2026/05/28/082225,https://x.com/endo1maruhan/status/2059235645839540351
2026-05-27,2026-05-26,機種,マギレコ,BBQ,BBQ→キュー→キュゥベえ,10,10,4710,https://sloslo-blog.hatenablog.com/entry/2026/05/28/082225,https://x.com/endo1maruhan/status/2059235645839540351
2026-05-27,2026-05-26,機種,マギレコ,お菓子,お菓子→お菓子の魔女,10,10,4710,https://sloslo-blog.hatenablog.com/entry/2026/05/28/082225,https://x.com/endo1maruhan/status/2059235645839540351
2026-05-27,2026-05-26,機種,マギレコ,M &M,M &M→まどかまぎか,10,10,4710,https://sloslo-blog.hatenablog.com/entry/2026/05/28/082225,https://x.com/endo1maruhan/status/2059235645839540351
2026-05-27,2026-05-26,機種,ユニコーン,お台場,お台場→ユニコーンガンダム展示,3,4,7100,https://sloslo-blog.hatenablog.com/entry/2026/05/28/082225,https://x.com/endo1maruhan/status/2059235645839540351
2026-05-27,2026-05-26,機種,リゼロ2,時代,時代→中島みゆき→雪,,,,https://sloslo-blog.hatenablog.com/entry/2026/05/28/082225,https://x.com/endo1maruhan/status/2059235645839540351
2026-05-27,2026-05-26,機種,七つ魔,７にまつわる機種,７にまつわる機種,2,2,4850,https://sloslo-blog.hatenablog.com/entry/2026/05/28/082225,https://x.com/endo1maruhan/status/2059235645839540351
2026-05-27,2026-05-26,機種,不二子,お台場,お台場→フジテレビ→フジ,2,2,1450,https://sloslo-blog.hatenablog.com/entry/2026/05/28/082225,https://x.com/endo1maruhan/status/2059235645839540351
2026-05-27,2026-05-26,機種,北斗,M &M、ガリガリ君、かっぱえびせん,M &M、ガリガリ君、かっぱえびせん→ロングセラー機種,8,8,2200,https://sloslo-blog.hatenablog.com/entry/2026/05/28/082225,https://x.com/endo1maruhan/status/2059235645839540351
2026-05-27,2026-05-26,機種,北斗,７にまつわる機種,７にまつわる機種,8,8,2200,https://sloslo-blog.hatenablog.com/entry/2026/05/28/082225,https://x.com/endo1maruhan/status/2059235645839540351
2026-05-27,2026-05-26,機種,吉宗,ガリガリ君,ガリガリ君→頭キーン→キーン→吉宗,,,,https://sloslo-blog.hatenablog.com/entry/2026/05/28/082225,https://x.com/endo1maruhan/status/2059235645839540351
2026-05-27,2026-05-26,機種,無職転生,事務所で食べる,事務所で食べる→じむしょくう→むしょく,3,3,6433,https://sloslo-blog.hatenablog.com/entry/2026/05/28/082225,https://x.com/endo1maruhan/status/2059235645839540351
2026-05-27,2026-05-26,機種,無職転生,労働,労働→無職,3,3,6433,https://sloslo-blog.hatenablog.com/entry/2026/05/28/082225,https://x.com/endo1maruhan/status/2059235645839540351
2026-05-28,2026-05-27,機種,アクダマドライブ,たこ焼き,たこ焼き→たこ焼きがアニメ第1話の重要なキー,1,2,5450,https://sloslo-blog.hatenablog.com/entry/2026/05/29/073517,https://x.com/endo1maruhan/status/2059598014923317402
2026-05-28,2026-05-27,機種,シャーマンキング,ネギ,ネギ→九条ネギ→九条の大罪→ビッグコミックスピリッツ→グレートスピリッツ,3,3,6667,https://sloslo-blog.hatenablog.com/entry/2026/05/29/073517,https://x.com/endo1maruhan/status/2059598014923317402
2026-05-28,2026-05-27,機種,ニューキンハナ,クランキーの写真にNewマーク,クランキーの写真にNewマーク,4,5,2240,https://sloslo-blog.hatenablog.com/entry/2026/05/29/073517,https://x.com/endo1maruhan/status/2059598014923317402
2026-05-28,2026-05-27,機種,リゼロ2,先バレ,先バレ,,,,https://sloslo-blog.hatenablog.com/entry/2026/05/29/073517,https://x.com/endo1maruhan/status/2059598014923317402
2026-05-28,2026-05-27,機種,炎炎2,机写真のキーボードに変換の文字,机写真のキーボードに変換の文字→十字変換,4,8,888,https://sloslo-blog.hatenablog.com/entry/2026/05/29/073517,https://x.com/endo1maruhan/status/2059598014923317402
2026-05-28,2026-05-27,機種,炎炎2,無性に,無性に→ショウ,4,8,888,https://sloslo-blog.hatenablog.com/entry/2026/05/29/073517,https://x.com/endo1maruhan/status/2059598014923317402
2026-05-28,2026-05-27,機種,炎炎2,たこ焼き,たこ焼き→焼き,4,8,888,https://sloslo-blog.hatenablog.com/entry/2026/05/29/073517,https://x.com/endo1maruhan/status/2059598014923317402
2026-05-29,2026-05-28,機種,SBJ,超特選,超特選→超→スーパー,5,6,3500,https://sloslo-blog.hatenablog.com/entry/2026/05/30/092253,https://x.com/endo1maruhan/status/2059960438377558032
2026-05-29,2026-05-28,機種,アバサー,29日,29日→ぷくぅ,2,2,1700,https://sloslo-blog.hatenablog.com/entry/2026/05/30/092253,https://x.com/endo1maruhan/status/2059960438377558032
2026-05-29,2026-05-28,機種,クレアBT,五神,五神→女神,3,3,2867,https://sloslo-blog.hatenablog.com/entry/2026/05/30/092253,https://x.com/endo1maruhan/status/2059960438377558032
2026-05-29,2026-05-28,機種,ハッピー,5月29日,5月29日→幸福の日,5,5,3000,https://sloslo-blog.hatenablog.com/entry/2026/05/30/092253,https://x.com/endo1maruhan/status/2059960438377558032
2026-05-29,2026-05-28,機種,ミスタージャグラー,五神,五神→誤審→ミスったー,4,5,1500,https://sloslo-blog.hatenablog.com/entry/2026/05/30/092253,https://x.com/endo1maruhan/status/2059960438377558032
2026-05-30,2026-05-29,機種,SAO,夕方から脳汁横丁へお手伝い,夕方から脳汁横丁へお手伝い→夕方から脳汁横丁へスイッチ,3,3,2167,https://sloslo-blog.hatenablog.com/entry/2026/05/31/074931,https://x.com/endo1maruhan/status/2060322844333240340
2026-05-30,2026-05-29,機種,SAO,秋葉原,秋葉原→アニメ版権,3,3,2167,https://sloslo-blog.hatenablog.com/entry/2026/05/31/074931,https://x.com/endo1maruhan/status/2060322844333240340
2026-05-30,2026-05-29,機種,いざ番長,和牛カルビ定食1380円,和牛カルビ定食1380円→1380→1（い）3（ざ）8（番）,2,4,4175,https://sloslo-blog.hatenablog.com/entry/2026/05/31/074931,https://x.com/endo1maruhan/status/2060322844333240340
2026-05-30,2026-05-29,機種,いざ番長,0の付く日,0の付く日→大都機種,2,4,4175,https://sloslo-blog.hatenablog.com/entry/2026/05/31/074931,https://x.com/endo1maruhan/status/2060322844333240340
2026-05-30,2026-05-29,機種,いせかる,大盛無料,大盛無料→ゼロ円→リゼロ,3,3,3100,https://sloslo-blog.hatenablog.com/entry/2026/05/31/074931,https://x.com/endo1maruhan/status/2060322844333240340
2026-05-30,2026-05-29,機種,いせかる,MIXホルモン定食,MIXホルモン定食→カルテット,3,3,3100,https://sloslo-blog.hatenablog.com/entry/2026/05/31/074931,https://x.com/endo1maruhan/status/2060322844333240340
2026-05-30,2026-05-29,機種,いせかる,手伝い,手伝い→メイド→リゼロ,3,3,3100,https://sloslo-blog.hatenablog.com/entry/2026/05/31/074931,https://x.com/endo1maruhan/status/2060322844333240340
2026-05-30,2026-05-29,機種,かぐや様,丼もの各種（看板のメニュー下部）,丼もの各種（看板のメニュー下部）→丼→ドーンだよ！,10,16,1475,https://sloslo-blog.hatenablog.com/entry/2026/05/31/074931,https://x.com/endo1maruhan/status/2060322844333240340
2026-05-30,2026-05-29,機種,かぐや様,花園神社近く,花園神社近く→近く→チカ→藤原千花,10,16,1475,https://sloslo-blog.hatenablog.com/entry/2026/05/31/074931,https://x.com/endo1maruhan/status/2060322844333240340
2026-05-30,2026-05-29,機種,かぐや様,牛カルビカチ盛り,牛カルビカチ盛り→カチ→チカ,10,16,1475,https://sloslo-blog.hatenablog.com/entry/2026/05/31/074931,https://x.com/endo1maruhan/status/2060322844333240340
2026-05-30,2026-05-29,機種,シャーマンキング,秋葉原,秋葉原→葉,3,3,8533,https://sloslo-blog.hatenablog.com/entry/2026/05/31/074931,https://x.com/endo1maruhan/status/2060322844333240340
2026-05-30,2026-05-29,機種,シャーマンキング,金網,金網→金→キング,3,3,8533,https://sloslo-blog.hatenablog.com/entry/2026/05/31/074931,https://x.com/endo1maruhan/status/2060322844333240340
2026-05-30,2026-05-29,機種,ゾンサガ,キムチ食べ放題,キムチ食べ放題→鳥放題,,,,https://sloslo-blog.hatenablog.com/entry/2026/05/31/074931,https://x.com/endo1maruhan/status/2060322844333240340
2026-05-30,2026-05-29,機種,ドラハナ,ランチ,ランチ→ドラゴンボール,11,11,2827,https://sloslo-blog.hatenablog.com/entry/2026/05/31/074931,https://x.com/endo1maruhan/status/2060322844333240340
2026-05-30,2026-05-29,機種,ドラハナ,30日,30日→３０パイ,11,11,2827,https://sloslo-blog.hatenablog.com/entry/2026/05/31/074931,https://x.com/endo1maruhan/status/2060322844333240340
2026-05-30,2026-05-29,機種,攻殻機動隊,脳汁,脳汁→電脳→攻殻機動隊,4,5,3000,https://sloslo-blog.hatenablog.com/entry/2026/05/31/074931,https://x.com/endo1maruhan/status/2060322844333240340
2026-05-30,2026-05-29,機種,攻殻機動隊,秋葉原,秋葉原→電気街→電脳,4,5,3000,https://sloslo-blog.hatenablog.com/entry/2026/05/31/074931,https://x.com/endo1maruhan/status/2060322844333240340
2026-05-31,2026-05-30,末尾・設置・記念日など,6台設置機種&9台設置機種,マルハン創業69周年月間最終日,マルハン創業69周年月間最終日,,,,https://sloslo-blog.hatenablog.com/entry/2026/06/01/073151,https://x.com/endo1maruhan/status/2060685240344129730
2026-05-31,2026-05-30,機種,SBJ,健康診断,健康診断→医者→ブラックジャック,4,6,2450,https://sloslo-blog.hatenablog.com/entry/2026/06/01/073151,https://x.com/endo1maruhan/status/2060685240344129730
2026-05-31,2026-05-30,機種,ToLOVEる,レタス,レタス→春野菜→春菜,4,6,2883,https://sloslo-blog.hatenablog.com/entry/2026/06/01/073151,https://x.com/endo1maruhan/status/2060685240344129730
2026-05-31,2026-05-30,機種,からくり,サンデー,サンデー→サンデー連載,4,9,1556,https://sloslo-blog.hatenablog.com/entry/2026/06/01/073151,https://x.com/endo1maruhan/status/2060685240344129730
2026-05-31,2026-05-30,機種,からくり,ハンバーガー,ハンバーガー→サンド→サンド目,4,9,1556,https://sloslo-blog.hatenablog.com/entry/2026/06/01/073151,https://x.com/endo1maruhan/status/2060685240344129730
2026-05-31,2026-05-30,機種,ジャグラーガールズ,5/31,5/31→サイ→ツノッチ,5,6,1967,https://sloslo-blog.hatenablog.com/entry/2026/06/01/073151,https://x.com/endo1maruhan/status/2060685240344129730
2026-05-31,2026-05-30,機種,ハードボイルド,5月31日,5月31日→世界禁煙デー→タバコ,,,,https://sloslo-blog.hatenablog.com/entry/2026/06/01/073151,https://x.com/endo1maruhan/status/2060685240344129730
2026-05-31,2026-05-30,機種,化物語,悩んだ結果,悩んだ結果→迷いマイマイ,4,6,2967,https://sloslo-blog.hatenablog.com/entry/2026/06/01/073151,https://x.com/endo1maruhan/status/2060685240344129730
2026-05-31,2026-05-30,機種,吉宗,月末,月末→松,,,,https://sloslo-blog.hatenablog.com/entry/2026/06/01/073151,https://x.com/endo1maruhan/status/2060685240344129730
2026-05-31,2026-05-30,機種,戦国乙女4,月末,月末→終わり→尾張,3,5,7620,https://sloslo-blog.hatenablog.com/entry/2026/06/01/073151,https://x.com/endo1maruhan/status/2060685240344129730
2026-05-31,2026-05-30,機種,東京喰種,写真トマトの種,写真トマトの種→種→喰種,32,39,4582,https://sloslo-blog.hatenablog.com/entry/2026/06/01/073151,https://x.com/endo1maruhan/status/2060685240344129730
2026-05-31,2026-05-30,機種,東京喰種,トマト,トマト→赤→赫眼,32,39,4582,https://sloslo-blog.hatenablog.com/entry/2026/06/01/073151,https://x.com/endo1maruhan/status/2060685240344129730
2026-05-31,2026-05-30,機種,東京喰種,摂生,摂生→摂食,32,39,4582,https://sloslo-blog.hatenablog.com/entry/2026/06/01/073151,https://x.com/endo1maruhan/status/2060685240344129730
2026-06-01,2026-05-31,機種,Sこのすば,キャベツ,キャベツ→このすば,3,3,4133,https://sloslo-blog.hatenablog.com/entry/2026/06/02/073535,https://x.com/endo1maruhan/status/2061047577135755639
2026-06-01,2026-05-31,機種,いせかる,写真の中の爪楊枝,写真の中の爪楊枝→幼児→幼女戦記,3,3,4367,https://sloslo-blog.hatenablog.com/entry/2026/06/02/073535,https://x.com/endo1maruhan/status/2061047577135755639
2026-06-01,2026-05-31,機種,ギアスC.C.,伝票のサービス料0円,伝票のサービス料0円→ゼロ,,,,https://sloslo-blog.hatenablog.com/entry/2026/06/02/073535,https://x.com/endo1maruhan/status/2061047577135755639
2026-06-01,2026-05-31,機種,ファンキー2,伝票番号101,伝票番号101→101匹わんちゃん→犬,30,32,2841,https://sloslo-blog.hatenablog.com/entry/2026/06/02/073535,https://x.com/endo1maruhan/status/2061047577135755639
2026-06-01,2026-05-31,機種,炎炎2,展示,展示→十字（テンジ）→十字目,0,8,-2825,https://sloslo-blog.hatenablog.com/entry/2026/06/02/073535,https://x.com/endo1maruhan/status/2061047577135755639
2026-06-01,2026-05-31,機種,炎炎2,生姜焼き,生姜焼き→ショウ→ショウ日下部,0,8,-2825,https://sloslo-blog.hatenablog.com/entry/2026/06/02/073535,https://x.com/endo1maruhan/status/2061047577135755639
2026-06-01,2026-05-31,機種,番長ZERO,伝票のサービス料0円,伝票のサービス料0円→ゼロ,,,,https://sloslo-blog.hatenablog.com/entry/2026/06/02/073535,https://x.com/endo1maruhan/status/2061047577135755639
2026-06-02,2026-06-01,機種,ゾンサガ,鶏,鶏→鳥放題,,,,https://sloslo-blog.hatenablog.com/entry/2026/06/03/072053,https://x.com/endo1maruhan/status/2061409980092383412
2026-06-02,2026-06-01,機種,ネオアイムEX,周年から40日目,周年から40日目→40台機種,31,40,1940,https://sloslo-blog.hatenablog.com/entry/2026/06/03/072053,https://x.com/endo1maruhan/status/2061409980092383412
2026-06-02,2026-06-01,機種,ネオアイムEX,目玉,目玉→アイ→アイム,31,40,1940,https://sloslo-blog.hatenablog.com/entry/2026/06/03/072053,https://x.com/endo1maruhan/status/2061409980092383412
2026-06-02,2026-06-01,機種,モンハンライズ,漬物（つぼ漬、キムチ）,漬物（つぼ漬、キムチ）→けもの,4,8,2525,https://sloslo-blog.hatenablog.com/entry/2026/06/03/072053,https://x.com/endo1maruhan/status/2061409980092383412
2026-06-02,2026-06-01,機種,モンハンライズ,スタッフ,スタッフ→「スタッフゥー」→狩野英孝→狩,4,8,2525,https://sloslo-blog.hatenablog.com/entry/2026/06/03/072053,https://x.com/endo1maruhan/status/2061409980092383412
2026-06-02,2026-06-01,機種,モンハンライズ,ヒレカツ,ヒレカツ→ヒレ（定番アイテム）,4,8,2525,https://sloslo-blog.hatenablog.com/entry/2026/06/03/072053,https://x.com/endo1maruhan/status/2061409980092383412
2026-06-02,2026-06-01,機種,鏡,マカロニ,マカロニ→マカ→マカイッキ,2,3,2767,https://sloslo-blog.hatenablog.com/entry/2026/06/03/072053,https://x.com/endo1maruhan/status/2061409980092383412
2026-06-02,2026-06-01,機種,鏡,米,米→アメリカ,2,3,2767,https://sloslo-blog.hatenablog.com/entry/2026/06/03/072053,https://x.com/endo1maruhan/status/2061409980092383412
2026-06-02,2026-06-01,機種,防振り,つるかめ,つるかめ→亀,3,5,1560,https://sloslo-blog.hatenablog.com/entry/2026/06/03/072053,https://x.com/endo1maruhan/status/2061409980092383412
2026-06-02,2026-06-01,機種,防振り,わかめ,わかめ→亀,3,5,1560,https://sloslo-blog.hatenablog.com/entry/2026/06/03/072053,https://x.com/endo1maruhan/status/2061409980092383412
2026-06-02,2026-06-01,機種,防振り,ふりかけ,ふりかけ→振り,3,5,1560,https://sloslo-blog.hatenablog.com/entry/2026/06/03/072053,https://x.com/endo1maruhan/status/2061409980092383412
2026-06-03,2026-06-02,機種,アニマルドッチ,どっち派？,どっち派？→ドッチ,2,2,5950,https://sloslo-blog.hatenablog.com/entry/2026/06/04/074311,https://x.com/endo1maruhan/status/2061772332704903465
2026-06-03,2026-06-02,機種,ミスタージャグラー,（画像）牡蠣,（画像）牡蠣→オイスター→ミスター,5,5,2440,https://sloslo-blog.hatenablog.com/entry/2026/06/04/074311,https://x.com/endo1maruhan/status/2061772332704903465
2026-06-03,2026-06-02,機種,化物語,6月3日キャラ誕,6月3日キャラ誕→千石撫子,3,6,933,https://sloslo-blog.hatenablog.com/entry/2026/06/04/074311,https://x.com/endo1maruhan/status/2061772332704903465
2026-06-03,2026-06-02,機種,化物語,時間,時間→倖時間,3,6,933,https://sloslo-blog.hatenablog.com/entry/2026/06/04/074311,https://x.com/endo1maruhan/status/2061772332704903465
2026-06-03,2026-06-02,機種,北斗,（画像）赤魚（の西京焼き）,（画像）赤魚（の西京焼き）→魚→雑魚,8,8,2675,https://sloslo-blog.hatenablog.com/entry/2026/06/04/074311,https://x.com/endo1maruhan/status/2061772332704903465
2026-06-03,2026-06-02,機種,炎炎2,（画像）地下1階,（画像）地下1階→地下へ,3,8,850,https://sloslo-blog.hatenablog.com/entry/2026/06/04/074311,https://x.com/endo1maruhan/status/2061772332704903465
2026-06-04,2026-06-03,機種,Sこのすば,水,水→アクア→このすば,3,3,4500,https://sloslo-blog.hatenablog.com/entry/2026/06/05/074923,https://x.com/endo1maruhan/status/2062134738975174819
2026-06-04,2026-06-03,機種,ジャグラーガールズ,UFO,UFO→ピンクレディー→ガールズ,5,6,2550,https://sloslo-blog.hatenablog.com/entry/2026/06/05/074923,https://x.com/endo1maruhan/status/2062134738975174819
2026-06-04,2026-06-03,機種,モンキーV,水がジャー,水がジャー→水しぶき→モンキーV,15,18,3156,https://sloslo-blog.hatenablog.com/entry/2026/06/05/074923,https://x.com/endo1maruhan/status/2062134738975174819
2026-06-05,2026-06-04,機種,Sカバネリ,紅しょうが,紅しょうが→ジンジャー→神社→カバネリ,2,2,3350,https://sloslo-blog.hatenablog.com/entry/2026/06/06/081839,https://x.com/endo1maruhan/status/2062497149045383174
2026-06-05,2026-06-04,機種,ドラハナ,ランチ,ランチ→ドラゴンボール→ドラハナ,10,11,2400,https://sloslo-blog.hatenablog.com/entry/2026/06/06/081839,https://x.com/endo1maruhan/status/2062497149045383174
2026-06-05,2026-06-04,機種,ハッピー,エビフライ,エビフライ→エビの尾っぽ→オッポ→ハッピー,3,5,2520,https://sloslo-blog.hatenablog.com/entry/2026/06/06/081839,https://x.com/endo1maruhan/status/2062497149045383174
2026-06-05,2026-06-04,機種,ハッピー,画像内のメニューにあるHappy Hour,画像内のメニューにあるHappy Hour→ハッピー,3,5,2520,https://sloslo-blog.hatenablog.com/entry/2026/06/06/081839,https://x.com/endo1maruhan/status/2062497149045383174
2026-06-05,2026-06-04,機種,リゼロ2,画像内のメニューにあるハーフ＆ハーフ,画像内のメニューにあるハーフ＆ハーフ→ハーフ→ハーフエルフ→エミリア→リゼロ,,,,https://sloslo-blog.hatenablog.com/entry/2026/06/06/081839,https://x.com/endo1maruhan/status/2062497149045383174
2026-06-05,2026-06-04,機種,番長ZERO,昭和のプレート,昭和のプレート→昭和（リプレイ柄）→番長ゼロ,,,,https://sloslo-blog.hatenablog.com/entry/2026/06/06/081839,https://x.com/endo1maruhan/status/2062497149045383174
2026-06-05,2026-06-04,機種,虚構推理,大人のお子様,大人のお子様→江戸川コナン→推理→虚構推理,2,3,733,https://sloslo-blog.hatenablog.com/entry/2026/06/06/081839,https://x.com/endo1maruhan/status/2062497149045383174
2026-06-06,2026-06-05,末尾・設置・記念日など,アナザー末尾⑨,バクバク,バクバク→⑧⑨→⑨,,,,https://sloslo-blog.hatenablog.com/entry/2026/06/07/085512,https://x.com/endo1maruhan/status/2062859585871114590
2026-06-06,2026-06-05,機種,グランベルム,トンカツ,トンカツ→トンカツマン→グランベルム,2,2,3505,https://sloslo-blog.hatenablog.com/entry/2026/06/07/085512,https://x.com/endo1maruhan/status/2062859585871114590
2026-06-06,2026-06-05,機種,ドラハナ,おかわり自由,おかわり自由→前日の機種をもう１回→ドラハナ,8,11,1809,https://sloslo-blog.hatenablog.com/entry/2026/06/07/085512,https://x.com/endo1maruhan/status/2062859585871114590
2026-06-06,2026-06-05,機種,ハッピー,おかわり自由,おかわり自由→前日の機種をもう１回→ハッピー,4,5,1660,https://sloslo-blog.hatenablog.com/entry/2026/06/07/085512,https://x.com/endo1maruhan/status/2062859585871114590
2026-06-07,2026-06-06,機種,Sカバネリ,鉄板,鉄板→甲鉄城,2,2,2300,https://sloslo-blog.hatenablog.com/entry/2026/06/08/080537,https://x.com/endo1maruhan/status/2063221988529951174
2026-06-07,2026-06-06,機種,からくり,サンデー,サンデー→少年サンデー,,,,https://sloslo-blog.hatenablog.com/entry/2026/06/08/080537,https://x.com/endo1maruhan/status/2063221988529951174
2026-06-07,2026-06-06,機種,アイム,7日,7日→7にまつわる→7台機種,,,,https://sloslo-blog.hatenablog.com/entry/2026/06/08/080537,https://x.com/endo1maruhan/status/2063221988529951174
2026-06-07,2026-06-06,機種,アレックス,鳥良商店,鳥良商店→鳥,3,4,2700,https://sloslo-blog.hatenablog.com/entry/2026/06/08/080537,https://x.com/endo1maruhan/status/2063221988529951174
2026-06-07,2026-06-06,機種,ファンキー2,チーズ,チーズ→名犬チーズ→犬,,,,https://sloslo-blog.hatenablog.com/entry/2026/06/08/080537,https://x.com/endo1maruhan/status/2063221988529951174
2026-06-07,2026-06-06,機種,リゼロ2,いってこい,いってこい→プラマイゼロ,,,,https://sloslo-blog.hatenablog.com/entry/2026/06/08/080537,https://x.com/endo1maruhan/status/2063221988529951174
2026-06-07,2026-06-06,機種,七つ魔,7日,7日→7にまつわる機種,1,2,3550,https://sloslo-blog.hatenablog.com/entry/2026/06/08/080537,https://x.com/endo1maruhan/status/2063221988529951174
2026-06-07,2026-06-06,機種,炎炎2,口内炎,口内炎→炎,4,8,2112,https://sloslo-blog.hatenablog.com/entry/2026/06/08/080537,https://x.com/endo1maruhan/status/2063221988529951174
2026-06-07,2026-06-06,機種,番長ZERO,リポD,リポD→一本いっとく？,,,,https://sloslo-blog.hatenablog.com/entry/2026/06/08/080537,https://x.com/endo1maruhan/status/2063221988529951174
2026-06-07,2026-06-06,機種,鉄拳6,リポD,リポD→大正製薬→ワシのマーク→ワシ→三島平八,3,5,700,https://sloslo-blog.hatenablog.com/entry/2026/06/08/080537,https://x.com/endo1maruhan/status/2063221988529951174
2026-06-08,2026-06-07,機種,アズレン,6/8,6/8→ヴァイキングの日→船,1,3,2067,https://sloslo-blog.hatenablog.com/entry/2026/06/09/083024,https://x.com/endo1maruhan/status/2063584415721431210
2026-06-08,2026-06-07,機種,アズレン,減台機種,減台機種,1,3,2067,https://sloslo-blog.hatenablog.com/entry/2026/06/09/083024,https://x.com/endo1maruhan/status/2063584415721431210
2026-06-08,2026-06-07,機種,ゾンサガ,チキン,チキン→鳥→鳥放題,,,,https://sloslo-blog.hatenablog.com/entry/2026/06/09/083024,https://x.com/endo1maruhan/status/2063584415721431210
2026-06-08,2026-06-07,機種,ミスタージャグラー,ケンタッキー,ケンタッキー→カーネルサンダース→蝶ネクタイ,5,5,3400,https://sloslo-blog.hatenablog.com/entry/2026/06/09/083024,https://x.com/endo1maruhan/status/2063584415721431210
2026-06-08,2026-06-07,機種,ミスタージャグラー,おすすめPOP曜日違い,おすすめPOP曜日違い→ミスったー→ミスター,5,5,3400,https://sloslo-blog.hatenablog.com/entry/2026/06/09/083024,https://x.com/endo1maruhan/status/2063584415721431210
2026-06-08,2026-06-07,機種,ミスタージャグラー,5秒で解決,5秒で解決→解決ゾロリ→ゾロリはキツネ,5,5,3400,https://sloslo-blog.hatenablog.com/entry/2026/06/09/083024,https://x.com/endo1maruhan/status/2063584415721431210
2026-06-08,2026-06-07,機種,モンキーV,8の日,8の日→山佐プレミアムデー,17,18,5533,https://sloslo-blog.hatenablog.com/entry/2026/06/09/083024,https://x.com/endo1maruhan/status/2063584415721431210
2026-06-08,2026-06-07,機種,モンキーV,出て歩いて5秒,出て歩いて5秒→即→即優出,17,18,5533,https://sloslo-blog.hatenablog.com/entry/2026/06/09/083024,https://x.com/endo1maruhan/status/2063584415721431210
2026-06-08,2026-06-07,機種,モンキーV,安全に配慮,安全に配慮→ヘルメット,17,18,5533,https://sloslo-blog.hatenablog.com/entry/2026/06/09/083024,https://x.com/endo1maruhan/status/2063584415721431210
2026-06-08,2026-06-07,機種,七つ魔,減台機種,減台機種,,,,https://sloslo-blog.hatenablog.com/entry/2026/06/09/083024,https://x.com/endo1maruhan/status/2063584415721431210
2026-06-08,2026-06-07,機種,北斗転生2,ケンタッキー,ケンタッキー→ケン,5,7,3829,https://sloslo-blog.hatenablog.com/entry/2026/06/09/083024,https://x.com/endo1maruhan/status/2063584415721431210
2026-06-08,2026-06-07,機種,北斗転生2,減台機種,減台機種,5,7,3829,https://sloslo-blog.hatenablog.com/entry/2026/06/09/083024,https://x.com/endo1maruhan/status/2063584415721431210
2026-06-08,2026-06-07,機種,戦国乙女4,写真のメニュー,写真のメニュー→和風→日本古来の伝統的な文化や様式,5,5,4800,https://sloslo-blog.hatenablog.com/entry/2026/06/09/083024,https://x.com/endo1maruhan/status/2063584415721431210
2026-06-08,2026-06-07,機種,戦国乙女4,写真のメニュー,写真のメニュー→元祖→旧シリーズ,5,5,4800,https://sloslo-blog.hatenablog.com/entry/2026/06/09/083024,https://x.com/endo1maruhan/status/2063584415721431210
2026-06-08,2026-06-07,機種,戦国乙女4,最新作導入記念,最新作導入記念,5,5,4800,https://sloslo-blog.hatenablog.com/entry/2026/06/09/083024,https://x.com/endo1maruhan/status/2063584415721431210
2026-06-09,2026-06-08,機種,エウレカ,福神漬け,福神漬け→七福神→七→エウレカ,,,,https://sloslo-blog.hatenablog.com/entry/2026/06/10/072947,https://x.com/endo1maruhan/status/2063946673865523306
2026-06-09,2026-06-08,機種,バイオRE:2,染みる,染みる→染→感染→バイオ,2,2,2100,https://sloslo-blog.hatenablog.com/entry/2026/06/10/072947,https://x.com/endo1maruhan/status/2063946673865523306
2026-06-09,2026-06-08,機種,バンドリ,6/9,6/9→ロックの日→バンドリ,,,,https://sloslo-blog.hatenablog.com/entry/2026/06/10/072947,https://x.com/endo1maruhan/status/2063946673865523306
2026-06-09,2026-06-08,機種,マイジャグV,カレーライス,カレーライス→米→マイ→マイジャグ,,,,https://sloslo-blog.hatenablog.com/entry/2026/06/10/072947,https://x.com/endo1maruhan/status/2063946673865523306
2026-06-09,2026-06-08,機種,ヴヴヴ,03-5155（電話番号）,03-5155（電話番号）→5155→V1VV→ヴヴヴ1→初代ヴヴヴ,2,4,1875,https://sloslo-blog.hatenablog.com/entry/2026/06/10/072947,https://x.com/endo1maruhan/status/2063946673865523306
2026-06-10,2026-06-09,機種,SAO,スイカバー,スイカバー→スイカ（Suica）→電子マネー→オンライン,3,3,3067,https://sloslo-blog.hatenablog.com/entry/2026/06/11/075503,https://x.com/endo1maruhan/status/2064309173341573609
2026-06-10,2026-06-09,機種,ゴッドイーター,11周年から48日目,11周年から48日目→48台,7,13,2723,https://sloslo-blog.hatenablog.com/entry/2026/06/11/075503,https://x.com/endo1maruhan/status/2064309173341573609
2026-06-10,2026-06-09,機種,ゴッドイーター,キャラ誕🎂：橘サクヤ,キャラ誕🎂：橘サクヤ,7,13,2723,https://sloslo-blog.hatenablog.com/entry/2026/06/11/075503,https://x.com/endo1maruhan/status/2064309173341573609
2026-06-10,2026-06-09,機種,ゾンサガ,けやきや,けやきや→欅→欅坂46→アイドル,,,,https://sloslo-blog.hatenablog.com/entry/2026/06/11/075503,https://x.com/endo1maruhan/status/2064309173341573609
2026-06-10,2026-06-09,機種,マイジャグV,11周年から48日目,11周年から48日目→48台,,,,https://sloslo-blog.hatenablog.com/entry/2026/06/11/075503,https://x.com/endo1maruhan/status/2064309173341573609
2026-06-10,2026-06-09,機種,マイジャグV,米,米→マイ,,,,https://sloslo-blog.hatenablog.com/entry/2026/06/11/075503,https://x.com/endo1maruhan/status/2064309173341573609
2026-06-11,2026-06-10,機種,Sカバネリ,わかめ,わかめ→海藻→回想,2,2,2500,https://sloslo-blog.hatenablog.com/entry/2026/06/12/071836,https://x.com/endo1maruhan/status/2064671443737313399
2026-06-11,2026-06-10,機種,アクダマドライブ,海老フライ2尾,海老フライ2尾→2台機種,1,2,4800,https://sloslo-blog.hatenablog.com/entry/2026/06/12/071836,https://x.com/endo1maruhan/status/2064671443737313399
2026-06-11,2026-06-10,機種,アバサー,満腹,満腹→ぷくぅ,2,2,1450,https://sloslo-blog.hatenablog.com/entry/2026/06/12/071836,https://x.com/endo1maruhan/status/2064671443737313399
2026-06-11,2026-06-10,機種,ウルミラ,クーポン,クーポン→クー→星のカービィ,4,5,1880,https://sloslo-blog.hatenablog.com/entry/2026/06/12/071836,https://x.com/endo1maruhan/status/2064671443737313399
2026-06-11,2026-06-10,機種,グランベルム,カツ,カツ→とんかつマン,1,2,1100,https://sloslo-blog.hatenablog.com/entry/2026/06/12/071836,https://x.com/endo1maruhan/status/2064671443737313399
2026-06-11,2026-06-10,機種,バイオRE:2,海老フライ2尾,海老フライ2尾→2台機種,2,2,4200,https://sloslo-blog.hatenablog.com/entry/2026/06/12/071836,https://x.com/endo1maruhan/status/2064671443737313399
2026-06-11,2026-06-10,機種,攻殻機動隊,海老,海老→甲殻類,1,5,-820,https://sloslo-blog.hatenablog.com/entry/2026/06/12/071836,https://x.com/endo1maruhan/status/2064671443737313399
2026-06-11,2026-06-10,機種,虚構推理,金網,金網→金物→鋼人七瀬,1,3,-1300,https://sloslo-blog.hatenablog.com/entry/2026/06/12/071836,https://x.com/endo1maruhan/status/2064671443737313399
2026-06-12,2026-06-11,機種,ToLOVEる,6/12,6/12→6台12文字,4,6,5633,https://sloslo-blog.hatenablog.com/entry/2026/06/13/073536,https://x.com/endo1maruhan/status/2065033842814259585
2026-06-12,2026-06-11,機種,アバサー,海老,海老→海鮮,2,2,2900,https://sloslo-blog.hatenablog.com/entry/2026/06/13/073536,https://x.com/endo1maruhan/status/2065033842814259585
2026-06-12,2026-06-11,機種,キンハナ,バタバタ、フラフラ,バタバタ、フラフラ→バタフライ🦋→ハナ→ハナ全,,,,https://sloslo-blog.hatenablog.com/entry/2026/06/13/073536,https://x.com/endo1maruhan/status/2065033842814259585
2026-06-12,2026-06-11,機種,ギアスC.C.,末尾ゾロ目,末尾ゾロ目,,,,https://sloslo-blog.hatenablog.com/entry/2026/06/13/073536,https://x.com/endo1maruhan/status/2065033842814259585
2026-06-12,2026-06-11,機種,グランベルム,カツ,カツ→とんかつマン,2,2,4500,https://sloslo-blog.hatenablog.com/entry/2026/06/13/073536,https://x.com/endo1maruhan/status/2065033842814259585
2026-06-12,2026-06-11,機種,スタハナ,バタバタ、フラフラ,バタバタ、フラフラ→バタフライ🦋→ハナ→ハナ全,,,,https://sloslo-blog.hatenablog.com/entry/2026/06/13/073536,https://x.com/endo1maruhan/status/2065033842814259585
2026-06-12,2026-06-11,機種,ドラハナ,バタバタ、フラフラ,バタバタ、フラフラ→バタフライ🦋→ハナ→ハナ全,,,,https://sloslo-blog.hatenablog.com/entry/2026/06/13/073536,https://x.com/endo1maruhan/status/2065033842814259585
2026-06-12,2026-06-11,機種,ニューキンハナ,バタバタ、フラフラ,バタバタ、フラフラ→バタフライ🦋→ハナ→ハナ全,,,,https://sloslo-blog.hatenablog.com/entry/2026/06/13/073536,https://x.com/endo1maruhan/status/2065033842814259585
2026-06-12,2026-06-11,機種,マギレコ,魔力,魔力→魔法,9,10,3650,https://sloslo-blog.hatenablog.com/entry/2026/06/13/073536,https://x.com/endo1maruhan/status/2065033842814259585
2026-06-12,2026-06-11,機種,マギレコ,鶏,鶏→卵→ソウルジャム,9,10,3650,https://sloslo-blog.hatenablog.com/entry/2026/06/13/073536,https://x.com/endo1maruhan/status/2065033842814259585
2026-06-12,2026-06-11,機種,ミスタージャグラー,コンパス,コンパス→コン🦊,5,5,2840,https://sloslo-blog.hatenablog.com/entry/2026/06/13/073536,https://x.com/endo1maruhan/status/2065033842814259585
2026-06-12,2026-06-11,機種,北斗,バタバタ,バタバタ→バタコさん→アンパンマン→アンパンチ→北斗神拳,8,8,3700,https://sloslo-blog.hatenablog.com/entry/2026/06/13/073536,https://x.com/endo1maruhan/status/2065033842814259585
2026-06-12,2026-06-11,機種,吉宗,松のや,松のや→待つのや→追っかけ,,,,https://sloslo-blog.hatenablog.com/entry/2026/06/13/073536,https://x.com/endo1maruhan/status/2065033842814259585
2026-06-12,2026-06-11,末尾・設置・記念日など,末尾ゾロ目,2日連続 松のや,2日連続 松のや→末ゾロ2days,,,,https://sloslo-blog.hatenablog.com/entry/2026/06/13/073536,https://x.com/endo1maruhan/status/2065033842814259585
2026-06-13,2026-06-12,機種,キンハナ,メニューのランチ1番,メニューのランチ1番→ランキング1番→キング,12,12,3308,https://sloslo-blog.hatenablog.com/entry/2026/06/14/081244,https://x.com/endo1maruhan/status/2065396212950544399
2026-06-13,2026-06-12,機種,キンハナ,WoW,WoW→King & Princeの曲→キング,12,12,3308,https://sloslo-blog.hatenablog.com/entry/2026/06/14/081244,https://x.com/endo1maruhan/status/2065396212950544399
2026-06-13,2026-06-12,機種,シャーマンキング,レンゲ,レンゲ→蓮華→蓮,1,3,-367,https://sloslo-blog.hatenablog.com/entry/2026/06/14/081244,https://x.com/endo1maruhan/status/2065396212950544399
2026-06-13,2026-06-12,機種,シャーマンキング,WoW,WoW→King & Princeの曲→キング,1,3,-367,https://sloslo-blog.hatenablog.com/entry/2026/06/14/081244,https://x.com/endo1maruhan/status/2065396212950544399
2026-06-13,2026-06-12,機種,鏡,海外,海外→飛行機,3,3,4800,https://sloslo-blog.hatenablog.com/entry/2026/06/14/081244,https://x.com/endo1maruhan/status/2065396212950544399
2026-06-13,2026-06-12,機種,鏡,海外,海外→アメリカ,3,3,4800,https://sloslo-blog.hatenablog.com/entry/2026/06/14/081244,https://x.com/endo1maruhan/status/2065396212950544399
2026-06-13,2026-06-12,機種,鏡,炙り,炙り→ブリ→出世魚→出世,3,3,4800,https://sloslo-blog.hatenablog.com/entry/2026/06/14/081244,https://x.com/endo1maruhan/status/2065396212950544399
2026-06-13,2026-06-12,機種,防振り,海老,海老→甲殻類,5,5,5980,https://sloslo-blog.hatenablog.com/entry/2026/06/14/081244,https://x.com/endo1maruhan/status/2065396212950544399
2026-06-13,2026-06-12,機種,防振り,わかめ,わかめ→カメ,5,5,5980,https://sloslo-blog.hatenablog.com/entry/2026/06/14/081244,https://x.com/endo1maruhan/status/2065396212950544399
2026-06-14,2026-06-13,機種,からくり,ぜひ,ぜひ→ぜひぜひ,5,9,867,https://sloslo-blog.hatenablog.com/entry/2026/06/15/082728,https://x.com/endo1maruhan/status/2065758611293565144
2026-06-14,2026-06-13,機種,からくり,サンデー,サンデー→少年サンデー,5,9,867,https://sloslo-blog.hatenablog.com/entry/2026/06/15/082728,https://x.com/endo1maruhan/status/2065758611293565144
2026-06-14,2026-06-13,機種,サンダーV,三田,三田→サンダ,4,4,1475,https://sloslo-blog.hatenablog.com/entry/2026/06/15/082728,https://x.com/endo1maruhan/status/2065758611293565144
2026-06-14,2026-06-13,機種,サンダーV,サンデー,サンデー→サンダー,4,4,1475,https://sloslo-blog.hatenablog.com/entry/2026/06/15/082728,https://x.com/endo1maruhan/status/2065758611293565144
2026-06-14,2026-06-13,機種,ドラハナ,世界的行事,世界的行事→サッカー⚽️→11人→11台,11,11,2109,https://sloslo-blog.hatenablog.com/entry/2026/06/15/082728,https://x.com/endo1maruhan/status/2065758611293565144
2026-06-14,2026-06-13,機種,ドリフターズ,全部乗せ,全部乗せ→全員集合ボーナス,,,,https://sloslo-blog.hatenablog.com/entry/2026/06/15/082728,https://x.com/endo1maruhan/status/2065758611293565144
2026-06-14,2026-06-13,機種,バンドリ,5時まで,5時まで→5字まで→5文字,,,,https://sloslo-blog.hatenablog.com/entry/2026/06/15/082728,https://x.com/endo1maruhan/status/2065758611293565144
2026-06-15,2026-06-14,機種,ジャグラーガールズ,ＤＨＡ,ＤＨＡ→ドコサヘキサエン酸→ヘキサ→ギリシャ語で６→６台機種,5,5,2367,https://sloslo-blog.hatenablog.com/entry/2026/06/16/073836,https://x.com/endo1maruhan/status/2066121031010656399
2026-06-15,2026-06-14,機種,ミスタージャグラー,彩り,彩り→Mr.Children,5,5,3160,https://sloslo-blog.hatenablog.com/entry/2026/06/16/073836,https://x.com/endo1maruhan/status/2066121031010656399
2026-06-15,2026-06-14,機種,リオエース2,マグロ,マグロ→黒→ノワール,7,8,2825,https://sloslo-blog.hatenablog.com/entry/2026/06/16/073836,https://x.com/endo1maruhan/status/2066121031010656399
2026-06-15,2026-06-14,機種,炎炎2,増台機種,増台機種,6,12,2017,https://sloslo-blog.hatenablog.com/entry/2026/06/16/073836,https://x.com/endo1maruhan/status/2066121031010656399
2026-06-15,2026-06-14,機種,無職転生,マグロの部位,マグロの部位→V→Vミッション,,,,https://sloslo-blog.hatenablog.com/entry/2026/06/16/073836,https://x.com/endo1maruhan/status/2066121031010656399
2026-06-15,2026-06-14,機種,超電磁砲2,ハチノコ,ハチノコ→蜂の子→食蜂操祈,2,2,3450,https://sloslo-blog.hatenablog.com/entry/2026/06/16/073836,https://x.com/endo1maruhan/status/2066121031010656399
2026-06-15,2026-06-14,機種,鏡,ハチノコ,ハチノコ→こめかみ→米,,,,https://sloslo-blog.hatenablog.com/entry/2026/06/16/073836,https://x.com/endo1maruhan/status/2066121031010656399
2026-06-16,2026-06-15,機種,Sカバネリ,天ぷら,天ぷら→サクサク→咲く咲く→咲かせや咲かせ,2,2,800,https://sloslo-blog.hatenablog.com/entry/2026/06/17/073400,https://x.com/endo1maruhan/status/2066483374966153391
2026-06-16,2026-06-15,機種,Sカバネリ,思い出横丁,思い出横丁→回想,2,2,800,https://sloslo-blog.hatenablog.com/entry/2026/06/17/073400,https://x.com/endo1maruhan/status/2066483374966153391
2026-06-16,2026-06-15,機種,ToLOVEる,思い出横丁,思い出横丁→思い出→メモリー→メモリアルボーナス,6,6,8133,https://sloslo-blog.hatenablog.com/entry/2026/06/17/073400,https://x.com/endo1maruhan/status/2066483374966153391
2026-06-16,2026-06-15,末尾・設置・記念日など,アナザー末尾③,かめや,かめや→亀や→3図柄→末尾③,,,,https://sloslo-blog.hatenablog.com/entry/2026/06/17/073400,https://x.com/endo1maruhan/status/2066483374966153391
2026-06-16,2026-06-15,機種,化物語,元祖,元祖→はじまり→始マリノ刻,5,6,4767,https://sloslo-blog.hatenablog.com/entry/2026/06/17/073400,https://x.com/endo1maruhan/status/2066483374966153391
2026-06-16,2026-06-15,機種,化物語,嬉しい,嬉しい→幸せ→倖時間,5,6,4767,https://sloslo-blog.hatenablog.com/entry/2026/06/17/073400,https://x.com/endo1maruhan/status/2066483374966153391
2026-06-16,2026-06-15,機種,虚構推理,柱にスノーマンステッカー,柱にスノーマンステッカー→スノーマン→雪→雪女,2,3,1033,https://sloslo-blog.hatenablog.com/entry/2026/06/17/073400,https://x.com/endo1maruhan/status/2066483374966153391
2026-06-16,2026-06-15,機種,防振り,かめや,かめや→亀,5,5,2540,https://sloslo-blog.hatenablog.com/entry/2026/06/17/073400,https://x.com/endo1maruhan/status/2066483374966153391
2026-06-17,2026-06-16,機種,ToLOVEる,花園神社,花園神社→花園→ハーレム,1,6,217,https://sloslo-blog.hatenablog.com/entry/2026/06/18/074222,https://x.com/endo1maruhan/status/2066845753323254229
2026-06-17,2026-06-16,機種,いざ番長,玉子,玉子→玉5,3,4,2725,https://sloslo-blog.hatenablog.com/entry/2026/06/18/074222,https://x.com/endo1maruhan/status/2066845753323254229
2026-06-17,2026-06-16,機種,アイム,7にまつわる,7にまつわる→7台機種,6,7,2114,https://sloslo-blog.hatenablog.com/entry/2026/06/18/074222,https://x.com/endo1maruhan/status/2066845753323254229
2026-06-17,2026-06-16,機種,エウレカ,17日,17日→7にまつわる機種,,,,https://sloslo-blog.hatenablog.com/entry/2026/06/18/074222,https://x.com/endo1maruhan/status/2066845753323254229
2026-06-17,2026-06-16,機種,ゴッドイーター,神社,神社→神,8,13,6185,https://sloslo-blog.hatenablog.com/entry/2026/06/18/074222,https://x.com/endo1maruhan/status/2066845753323254229
2026-06-17,2026-06-16,機種,ゴッドイーター,写真の中で金太郎が持ってる斧,写真の中で金太郎が持ってる斧→オーノー→オーマイゴット,8,13,6185,https://sloslo-blog.hatenablog.com/entry/2026/06/18/074222,https://x.com/endo1maruhan/status/2066845753323254229
2026-06-17,2026-06-16,機種,モンハンライズ,お供,お供→オトモアイル,7,8,6612,https://sloslo-blog.hatenablog.com/entry/2026/06/18/074222,https://x.com/endo1maruhan/status/2066845753323254229
2026-06-17,2026-06-16,機種,七つ魔,17日,17日→7にまつわる機種,,,,https://sloslo-blog.hatenablog.com/entry/2026/06/18/074222,https://x.com/endo1maruhan/status/2066845753323254229
2026-06-17,2026-06-16,末尾・設置・記念日など,全系11機種,1100円メニューが多い,1100円メニューが多い→11→11機種,,,,https://sloslo-blog.hatenablog.com/entry/2026/06/18/074222,https://x.com/endo1maruhan/status/2066845753323254229
2026-06-17,2026-06-16,機種,北斗,写真のメニューにのってる刻みのり,写真のメニューにのってる刻みのり→刻み→南斗水鳥拳,8,8,2412,https://sloslo-blog.hatenablog.com/entry/2026/06/18/074222,https://x.com/endo1maruhan/status/2066845753323254229
2026-06-17,2026-06-16,機種,北斗,７の日,７の日→北斗七星,8,8,2412,https://sloslo-blog.hatenablog.com/entry/2026/06/18/074222,https://x.com/endo1maruhan/status/2066845753323254229
2026-06-17,2026-06-16,機種,北斗転生2,金太郎,金太郎→斧飛んでくる→天命の刻,3,7,2329,https://sloslo-blog.hatenablog.com/entry/2026/06/18/074222,https://x.com/endo1maruhan/status/2066845753323254229
2026-06-17,2026-06-16,機種,北斗転生2,7にまつわる,7にまつわる→7台機種,3,7,2329,https://sloslo-blog.hatenablog.com/entry/2026/06/18/074222,https://x.com/endo1maruhan/status/2066845753323254229
2026-06-17,2026-06-16,機種,虚構推理,神社,神社→神→狂構神偽,3,3,6267,https://sloslo-blog.hatenablog.com/entry/2026/06/18/074222,https://x.com/endo1maruhan/status/2066845753323254229
2026-06-17,2026-06-16,機種,鏡,金太郎,金太郎→サラリーマン金太郎,,,,https://sloslo-blog.hatenablog.com/entry/2026/06/18/074222,https://x.com/endo1maruhan/status/2066845753323254229
2026-06-18,2026-06-17,機種,SAO,会議,会議→SAO,2,3,2067,https://sloslo-blog.hatenablog.com/entry/2026/06/19/081930,https://x.com/endo1maruhan/status/2067208148885340663
2026-06-18,2026-06-17,機種,グランベルム,会議,会議→グランベルム,2,2,650,https://sloslo-blog.hatenablog.com/entry/2026/06/19/081930,https://x.com/endo1maruhan/status/2067208148885340663
2026-06-18,2026-06-17,機種,ドラハナ,ナイトバリュー,ナイトバリュー→バリュー→ば竜🐲,10,11,2409,https://sloslo-blog.hatenablog.com/entry/2026/06/19/081930,https://x.com/endo1maruhan/status/2067208148885340663
2026-06-18,2026-06-17,機種,ドラハナ,ご飯,ご飯→孫悟飯→ドラゴンボール→ドラハナ,10,11,2409,https://sloslo-blog.hatenablog.com/entry/2026/06/19/081930,https://x.com/endo1maruhan/status/2067208148885340663
2026-06-18,2026-06-17,機種,ドラハナ,ライトチョイス,ライトチョイス→ライト→光→ドラハナ閃光,10,11,2409,https://sloslo-blog.hatenablog.com/entry/2026/06/19/081930,https://x.com/endo1maruhan/status/2067208148885340663
2026-06-18,2026-06-17,機種,炎炎2,NIGHT,NIGHT→ナイト→アーサー→炎炎,6,12,483,https://sloslo-blog.hatenablog.com/entry/2026/06/19/081930,https://x.com/endo1maruhan/status/2067208148885340663
2026-06-18,2026-06-17,機種,炎炎2,NIGHT,NIGHT→ナイト→騎士→灰焰騎士団→炎炎2,6,12,483,https://sloslo-blog.hatenablog.com/entry/2026/06/19/081930,https://x.com/endo1maruhan/status/2067208148885340663
2026-06-19,2026-06-18,機種,Sカバネリ,わかめ,わかめ→海藻→回想→カバネリ,2,2,1700,https://sloslo-blog.hatenablog.com/entry/2026/06/20/080425,https://x.com/endo1maruhan/status/2067570608859480326
2026-06-19,2026-06-18,機種,スーパーブラックジャック,カニカマ,カニカマ→鎌→ジョーカー,5,6,5383,https://sloslo-blog.hatenablog.com/entry/2026/06/20/080425,https://x.com/endo1maruhan/status/2067570608859480326
2026-06-19,2026-06-18,機種,ドリフターズ,大山で会議,大山で会議→全員集合（東京マルハン店長集合）→ドリフだよ全員集合→全員集合ボーナス,,,,https://sloslo-blog.hatenablog.com/entry/2026/06/20/080425,https://x.com/endo1maruhan/status/2067570608859480326
2026-06-19,2026-06-18,機種,マギレコ,道,道→猪木→燃える闘魂→萌える10魂→萌系の10台設置,9,10,4340,https://sloslo-blog.hatenablog.com/entry/2026/06/20/080425,https://x.com/endo1maruhan/status/2067570608859480326
2026-06-19,2026-06-18,機種,マンキン,道,道→猪木→燃える闘魂→魂→ソウル,2,3,3767,https://sloslo-blog.hatenablog.com/entry/2026/06/20/080425,https://x.com/endo1maruhan/status/2067570608859480326
2026-06-19,2026-06-18,機種,ミスタージャグラー,きつねそば,きつねそば→きつね→コンたろ,5,5,2700,https://sloslo-blog.hatenablog.com/entry/2026/06/20/080425,https://x.com/endo1maruhan/status/2067570608859480326
2026-06-19,2026-06-18,機種,不二子,FUJIKO×富士そば,FUJIKO×富士そば,,,,https://sloslo-blog.hatenablog.com/entry/2026/06/20/080425,https://x.com/endo1maruhan/status/2067570608859480326
2026-06-20,2026-06-19,機種,ゾンサガ,コンサート,コンサート→アイドル,,,,https://sloslo-blog.hatenablog.com/entry/2026/06/21/074612,https://x.com/endo1maruhan/status/2067932917385593118
2026-06-20,2026-06-19,機種,ゾンサガ,広場,広場→656広場,,,,https://sloslo-blog.hatenablog.com/entry/2026/06/21/074612,https://x.com/endo1maruhan/status/2067932917385593118
2026-06-20,2026-06-19,機種,バンドリ,スタンプカード,スタンプカード→スタンプ→平和機種,,,,https://sloslo-blog.hatenablog.com/entry/2026/06/21/074612,https://x.com/endo1maruhan/status/2067932917385593118
2026-06-20,2026-06-19,機種,バンドリ,歌の持つパワー,歌の持つパワー→バンド🎸,,,,https://sloslo-blog.hatenablog.com/entry/2026/06/21/074612,https://x.com/endo1maruhan/status/2067932917385593118
2026-06-20,2026-06-19,機種,モンハンライズ,スタッフ,スタッフ→「スタッフゥー！」→狩野英孝→狩,4,8,750,https://sloslo-blog.hatenablog.com/entry/2026/06/21/074612,https://x.com/endo1maruhan/status/2067932917385593118
2026-06-20,2026-06-19,機種,モンハンライズ,スタンプカード,スタンプカード→スタンプ,4,8,750,https://sloslo-blog.hatenablog.com/entry/2026/06/21/074612,https://x.com/endo1maruhan/status/2067932917385593118
2026-06-20,2026-06-19,機種,モンハンライズ,フリーコンサート,フリーコンサート→Little Glee Monster→モンスター,4,8,750,https://sloslo-blog.hatenablog.com/entry/2026/06/21/074612,https://x.com/endo1maruhan/status/2067932917385593118
2026-06-20,2026-06-19,機種,リゼロ2,フリー,フリー→無料→ゼロ円,,,,https://sloslo-blog.hatenablog.com/entry/2026/06/21/074612,https://x.com/endo1maruhan/status/2067932917385593118
2026-06-20,2026-06-19,機種,真打吉宗,かた麺,かた麺→たか→鷹,9,12,4300,https://sloslo-blog.hatenablog.com/entry/2026/06/21/074612,https://x.com/endo1maruhan/status/2067932917385593118
2026-06-20,2026-06-19,機種,真打吉宗,迫力,迫力→インパクト→W家紋インパクト,9,12,4300,https://sloslo-blog.hatenablog.com/entry/2026/06/21/074612,https://x.com/endo1maruhan/status/2067932917385593118
2026-06-20,2026-06-19,機種,真打吉宗,玉子二つ,玉子二つ→玉子ダブル→W家紋インパクト,9,12,4300,https://sloslo-blog.hatenablog.com/entry/2026/06/21/074612,https://x.com/endo1maruhan/status/2067932917385593118
2026-06-21,2026-06-20,機種,Lハナビ,新宿に来てから何度目でしょうか,新宿に来てから何度目でしょうか→5度目→5台機種,5,5,1480,https://sloslo-blog.hatenablog.com/entry/2026/06/22/075346,https://x.com/endo1maruhan/status/2068295332543512608
2026-06-21,2026-06-20,機種,からくり,サンデー,サンデー→少年サンデー,5,9,3600,https://sloslo-blog.hatenablog.com/entry/2026/06/22/075346,https://x.com/endo1maruhan/status/2068295332543512608
2026-06-21,2026-06-20,機種,からくり,辛旨,辛旨→からうま→からサー,5,9,3600,https://sloslo-blog.hatenablog.com/entry/2026/06/22/075346,https://x.com/endo1maruhan/status/2068295332543512608
2026-06-21,2026-06-20,機種,からくり,もう何度目でしょうか,もう何度目でしょうか→何度でも〜何度でも♪→ドリカム→夢はいつか必ず叶う,5,9,3600,https://sloslo-blog.hatenablog.com/entry/2026/06/22/075346,https://x.com/endo1maruhan/status/2068295332543512608
2026-06-21,2026-06-20,機種,ウルミラ,新宿に来てから何度目でしょうか,新宿に来てから何度目でしょうか→5度目→5台機種,4,5,3460,https://sloslo-blog.hatenablog.com/entry/2026/06/22/075346,https://x.com/endo1maruhan/status/2068295332543512608
2026-06-21,2026-06-20,機種,シェイク,ジンガー,ジンガー→スパイシーチキン→スパイシー,3,3,1867,https://sloslo-blog.hatenablog.com/entry/2026/06/22/075346,https://x.com/endo1maruhan/status/2068295332543512608
2026-06-21,2026-06-20,機種,ハッピー,新宿に来てから何度目でしょうか,新宿に来てから何度目でしょうか→5度目→5台機種,4,5,2680,https://sloslo-blog.hatenablog.com/entry/2026/06/22/075346,https://x.com/endo1maruhan/status/2068295332543512608
2026-06-21,2026-06-20,機種,ハッピー,クリスピー,クリスピー→リス🐿,4,5,2680,https://sloslo-blog.hatenablog.com/entry/2026/06/22/075346,https://x.com/endo1maruhan/status/2068295332543512608
2026-06-21,2026-06-20,機種,ファンキー2,1ピース,1ピース→ワン🐶,31,32,3506,https://sloslo-blog.hatenablog.com/entry/2026/06/22/075346,https://x.com/endo1maruhan/status/2068295332543512608
2026-06-21,2026-06-20,機種,リゼロ2,ゼリー,ゼリー→全Re,,,,https://sloslo-blog.hatenablog.com/entry/2026/06/22/075346,https://x.com/endo1maruhan/status/2068295332543512608
2026-06-21,2026-06-20,機種,リゼロ2,もう何度目でしょうか,もう何度目でしょうか→繰り返す,,,,https://sloslo-blog.hatenablog.com/entry/2026/06/22/075346,https://x.com/endo1maruhan/status/2068295332543512608
2026-06-21,2026-06-20,機種,戦国乙女4,新宿に来てから何度目でしょうか,新宿に来てから何度目でしょうか→5度目→5台機種,3,5,1580,https://sloslo-blog.hatenablog.com/entry/2026/06/22/075346,https://x.com/endo1maruhan/status/2068295332543512608
2026-06-21,2026-06-20,機種,攻殻機動隊,新宿に来てから何度目でしょうか,新宿に来てから何度目でしょうか→5度目→5台機種,2,5,-200,https://sloslo-blog.hatenablog.com/entry/2026/06/22/075346,https://x.com/endo1maruhan/status/2068295332543512608
2026-06-21,2026-06-20,機種,攻殻機動隊,6/21,6/21→えびフライの日→甲殻類,2,5,-200,https://sloslo-blog.hatenablog.com/entry/2026/06/22/075346,https://x.com/endo1maruhan/status/2068295332543512608
2026-06-21,2026-06-20,機種,沖ドキゴージャス,何度目でしょうか,何度目でしょうか→何度目かな→カナ→カナちゃん,11,17,1082,https://sloslo-blog.hatenablog.com/entry/2026/06/22/075346,https://x.com/endo1maruhan/status/2068295332543512608
2026-06-21,2026-06-20,機種,沖ドキゴージャス,ちゅる〜りぃ,ちゅる〜りぃ→ちゅる→ちゅら,11,17,1082,https://sloslo-blog.hatenablog.com/entry/2026/06/22/075346,https://x.com/endo1maruhan/status/2068295332543512608
2026-06-21,2026-06-20,機種,鉄拳6,新宿に来てから何度目でしょうか,新宿に来てから何度目でしょうか→5度目→5台機種,5,5,4980,https://sloslo-blog.hatenablog.com/entry/2026/06/22/075346,https://x.com/endo1maruhan/status/2068295332543512608
2026-06-21,2026-06-20,機種,鏡,ブルーハワイ,ブルーハワイ→ハワイ→アメリカ,,,,https://sloslo-blog.hatenablog.com/entry/2026/06/22/075346,https://x.com/endo1maruhan/status/2068295332543512608
2026-06-21,2026-06-20,機種,鏡,給料,給料→サラリーマン,,,,https://sloslo-blog.hatenablog.com/entry/2026/06/22/075346,https://x.com/endo1maruhan/status/2068295332543512608
2026-06-21,2026-06-20,機種,防振り,新宿に来てから何度目でしょうか,新宿に来てから何度目でしょうか→5度目→5台機種,5,5,3460,https://sloslo-blog.hatenablog.com/entry/2026/06/22/075346,https://x.com/endo1maruhan/status/2068295332543512608
2026-06-21,2026-06-20,機種,防振り,6/21,6/21→えびフライの日→甲殻類→防御,5,5,3460,https://sloslo-blog.hatenablog.com/entry/2026/06/22/075346,https://x.com/endo1maruhan/status/2068295332543512608
2026-06-22,2026-06-21,機種,SAO,倍肉厚ビーフ,倍肉厚ビーフ→倍→二刀流→キリト,4,4,4200,https://sloslo-blog.hatenablog.com/entry/2026/06/23/071247,https://x.com/endo1maruhan/status/2068657771659026933
2026-06-22,2026-06-21,機種,SAO,織姫彦星,織姫彦星→アスナとキリト,4,4,4200,https://sloslo-blog.hatenablog.com/entry/2026/06/23/071247,https://x.com/endo1maruhan/status/2068657771659026933
2026-06-22,2026-06-21,機種,Sこのすば,サッカー,サッカー→日本勝利→祝福,3,3,1267,https://sloslo-blog.hatenablog.com/entry/2026/06/23/071247,https://x.com/endo1maruhan/status/2068657771659026933
2026-06-22,2026-06-21,機種,アイム,マクドナルド,マクドナルド→i’m lovin’ it,7,7,1814,https://sloslo-blog.hatenablog.com/entry/2026/06/23/071247,https://x.com/endo1maruhan/status/2068657771659026933
2026-06-22,2026-06-21,末尾・設置・記念日など,バラエティ,要チェックや,要チェックや→相田彦一名言→彦1→1台機種,16,20,2650,https://sloslo-blog.hatenablog.com/entry/2026/06/23/071247,https://x.com/endo1maruhan/status/2068657771659026933
2026-06-22,2026-06-21,機種,北斗転生2,月に織姫彦星,月に織姫彦星→七夕→七・星→北斗七星,5,7,5000,https://sloslo-blog.hatenablog.com/entry/2026/06/23/071247,https://x.com/endo1maruhan/status/2068657771659026933
2026-06-23,2026-06-22,機種,いせかる,油そばC,油そばC→1230円→1.2.3.ダー→3台機種,3,3,3967,https://sloslo-blog.hatenablog.com/entry/2026/06/24/081618,https://x.com/endo1maruhan/status/2069022408523313578
2026-06-23,2026-06-22,機種,からくり,一味唐辛子,一味唐辛子→カラ,6,9,4056,https://sloslo-blog.hatenablog.com/entry/2026/06/24/081618,https://x.com/endo1maruhan/status/2069022408523313578
2026-06-23,2026-06-22,機種,からくり,39分ポスト,39分ポスト→9台設置,6,9,4056,https://sloslo-blog.hatenablog.com/entry/2026/06/24/081618,https://x.com/endo1maruhan/status/2069022408523313578
2026-06-23,2026-06-22,機種,ウルミラ,〜すぎて,〜すぎて→好きすぎて滅!→M!LK→牛,5,5,3180,https://sloslo-blog.hatenablog.com/entry/2026/06/24/081618,https://x.com/endo1maruhan/status/2069022408523313578
2026-06-23,2026-06-22,機種,モンハンライズ,やばすぎて,やばすぎて→ヤバ→88→8台機種,4,8,3812,https://sloslo-blog.hatenablog.com/entry/2026/06/24/081618,https://x.com/endo1maruhan/status/2069022408523313578
2026-06-24,2026-06-23,機種,アイム,七宝,七宝→7台機種,6,7,2000,https://sloslo-blog.hatenablog.com/entry/2026/06/25/082918,https://x.com/endo1maruhan/status/2069384001102774389
2026-06-24,2026-06-23,機種,カバネリ海門,全部乗せ,全部乗せ→オールスター→オールスター目→カバネリ,19,22,4886,https://sloslo-blog.hatenablog.com/entry/2026/06/25/082918,https://x.com/endo1maruhan/status/2069384001102774389
2026-06-24,2026-06-23,機種,ゴージャグ3,たまご×2,たまご×2→ゴーゴー,21,22,2555,https://sloslo-blog.hatenablog.com/entry/2026/06/25/082918,https://x.com/endo1maruhan/status/2069384001102774389
2026-06-24,2026-06-23,機種,ゴージャグ3,全のせ,全のせ→増量→象→ゴージャグ,21,22,2555,https://sloslo-blog.hatenablog.com/entry/2026/06/25/082918,https://x.com/endo1maruhan/status/2069384001102774389
2026-06-24,2026-06-23,機種,サンダーV,三田,三田→サンダ→サンダーV,4,4,2625,https://sloslo-blog.hatenablog.com/entry/2026/06/25/082918,https://x.com/endo1maruhan/status/2069384001102774389
2026-06-24,2026-06-23,機種,シャーマンキング,麻辣湯,麻辣湯→中国→ハオ→シャーマン,2,3,2867,https://sloslo-blog.hatenablog.com/entry/2026/06/25/082918,https://x.com/endo1maruhan/status/2069384001102774389
2026-06-24,2026-06-23,機種,シャーマンキング,七宝,七宝→仏教における七つの宝→仏→シャーマンキング,2,3,2867,https://sloslo-blog.hatenablog.com/entry/2026/06/25/082918,https://x.com/endo1maruhan/status/2069384001102774389
2026-06-25,2026-06-24,機種,バイオRE:2,スンドゥブ,スンドゥブ→豆腐→豆腐（設定示唆）,2,2,2150,https://sloslo-blog.hatenablog.com/entry/2026/06/26/072800,https://x.com/endo1maruhan/status/2069744986443436263
2026-06-25,2026-06-24,機種,ファンキー2,１００円足りない,１００円足りない→ワンコイン→ワン🐶,31,32,2575,https://sloslo-blog.hatenablog.com/entry/2026/06/26/072800,https://x.com/endo1maruhan/status/2069744986443436263
2026-06-25,2026-06-24,機種,ミスタージャグラー,黒帝来店取材,黒帝来店取材→黒,5,5,1600,https://sloslo-blog.hatenablog.com/entry/2026/06/26/072800,https://x.com/endo1maruhan/status/2069744986443436263
2026-06-25,2026-06-24,機種,リゼロ2,恒例,恒例→レイ→ゼロ,,,,https://sloslo-blog.hatenablog.com/entry/2026/06/26/072800,https://x.com/endo1maruhan/status/2069744986443436263
2026-06-25,2026-06-24,機種,鉄拳6,上野,上野→パンダ→鉄拳,4,5,4200,https://sloslo-blog.hatenablog.com/entry/2026/06/26/072800,https://x.com/endo1maruhan/status/2069744986443436263
2026-06-25,2026-06-24,機種,鉄拳6,鉄鍋,鉄鍋→鉄,4,5,4200,https://sloslo-blog.hatenablog.com/entry/2026/06/26/072800,https://x.com/endo1maruhan/status/2069744986443436263
2026-06-26,2026-06-25,機種,SBJ,写真左下 コラボ ポンポネット：ミントくん,写真左下 コラボ ポンポネット：ミントくん→ミント,5,6,3083,https://sloslo-blog.hatenablog.com/entry/2026/06/27/075020,https://x.com/endo1maruhan/status/2070107302057869484
2026-06-26,2026-06-25,機種,SBJ,かま玉,かま玉→鎌→ジョーカー,5,6,3083,https://sloslo-blog.hatenablog.com/entry/2026/06/27/075020,https://x.com/endo1maruhan/status/2070107302057869484
2026-06-26,2026-06-25,末尾・設置・記念日など,アナザー末尾②,どっち,どっち→2択→末尾②,,,,https://sloslo-blog.hatenablog.com/entry/2026/06/27/075020,https://x.com/endo1maruhan/status/2070107302057869484
2026-06-26,2026-06-25,機種,キンハナ,はなまる,はなまる→ハナ◎,11,12,2833,https://sloslo-blog.hatenablog.com/entry/2026/06/27/075020,https://x.com/endo1maruhan/status/2070107302057869484
2026-06-26,2026-06-25,機種,戦国乙女4,"担当責任者""4""","担当責任者""4""",2,5,580,https://sloslo-blog.hatenablog.com/entry/2026/06/27/075020,https://x.com/endo1maruhan/status/2070107302057869484
2026-06-26,2026-06-25,機種,戦国乙女4,白ごま担々,白ごま担々→シロ,2,5,580,https://sloslo-blog.hatenablog.com/entry/2026/06/27/075020,https://x.com/endo1maruhan/status/2070107302057869484
2026-06-27,2026-06-26,機種,SBJ,S&B,S&B→SB,4,6,1350,https://sloslo-blog.hatenablog.com/entry/2026/06/28/075101,https://x.com/endo1maruhan/status/2070469645862412734
2026-06-27,2026-06-26,機種,いざ番長,たくあん,たくあん,2,4,3050,https://sloslo-blog.hatenablog.com/entry/2026/06/28/075101,https://x.com/endo1maruhan/status/2070469645862412734
2026-06-27,2026-06-26,機種,アイム,7にまつわる,7にまつわる→7台機種,7,7,2871,https://sloslo-blog.hatenablog.com/entry/2026/06/28/075101,https://x.com/endo1maruhan/status/2070469645862412734
2026-06-27,2026-06-26,機種,アニマルドッチ,つけもの,つけもの→けもの→アニマル,2,2,3500,https://sloslo-blog.hatenablog.com/entry/2026/06/28/075101,https://x.com/endo1maruhan/status/2070469645862412734
2026-06-27,2026-06-26,機種,アレックス,鳥良,鳥良→鳥,3,4,700,https://sloslo-blog.hatenablog.com/entry/2026/06/28/075101,https://x.com/endo1maruhan/status/2070469645862412734
2026-06-27,2026-06-26,機種,エウレカ,27日,27日→7にまつわる機種,,,,https://sloslo-blog.hatenablog.com/entry/2026/06/28/075101,https://x.com/endo1maruhan/status/2070469645862412734
2026-06-27,2026-06-26,機種,七つ魔,27日,27日→7にまつわる機種,,,,https://sloslo-blog.hatenablog.com/entry/2026/06/28/075101,https://x.com/endo1maruhan/status/2070469645862412734
2026-06-27,2026-06-26,機種,北斗転生2,７の日,７の日→北斗七星,4,7,5671,https://sloslo-blog.hatenablog.com/entry/2026/06/28/075101,https://x.com/endo1maruhan/status/2070469645862412734
2026-06-27,2026-06-26,機種,吉宗,三つ葉,三つ葉→三つ葉葵→徳川,,,,https://sloslo-blog.hatenablog.com/entry/2026/06/28/075101,https://x.com/endo1maruhan/status/2070469645862412734
2026-06-28,2026-06-27,機種,DMC5,Chocolate Crepe,Chocolate Crepe→CC→COMB CHANCE,,,,https://sloslo-blog.hatenablog.com/entry/2026/06/29/072110,https://x.com/endo1maruhan/status/2070832138967265303
2026-06-28,2026-06-27,機種,DMC5,食生活改善・適度な運動,食生活改善・適度な運動→スタイリッシュ,,,,https://sloslo-blog.hatenablog.com/entry/2026/06/29/072110,https://x.com/endo1maruhan/status/2070832138967265303
2026-06-28,2026-06-27,機種,Lディスク,ビタミン,ビタミン→ビタ押し,3,4,1100,https://sloslo-blog.hatenablog.com/entry/2026/06/29/072110,https://x.com/endo1maruhan/status/2070832138967265303
2026-06-28,2026-06-27,機種,Lディスク,デスクの上の写真,デスクの上の写真→デスクアップ,3,4,1100,https://sloslo-blog.hatenablog.com/entry/2026/06/29/072110,https://x.com/endo1maruhan/status/2070832138967265303
2026-06-28,2026-06-27,機種,SAO,きりっと果実,きりっと果実→キリト,3,4,1825,https://sloslo-blog.hatenablog.com/entry/2026/06/29/072110,https://x.com/endo1maruhan/status/2070832138967265303
2026-06-28,2026-06-27,機種,からくり,サンデー,サンデー→サンデー連載,7,9,5944,https://sloslo-blog.hatenablog.com/entry/2026/06/29/072110,https://x.com/endo1maruhan/status/2070832138967265303
2026-06-28,2026-06-27,機種,リゼロ2,コンビニ飯,コンビニ飯→コンビニ→リゼロ,,,,https://sloslo-blog.hatenablog.com/entry/2026/06/29/072110,https://x.com/endo1maruhan/status/2070832138967265303
2026-06-29,2026-06-28,機種,いざ番長,小次郎,小次郎→佐々木小次郎,2,4,3875,https://sloslo-blog.hatenablog.com/entry/2026/06/30/081720,https://x.com/endo1maruhan/status/2071194504812793989
2026-06-29,2026-06-28,機種,シャーマンキング,増台機種,増台機種,2,4,1525,https://sloslo-blog.hatenablog.com/entry/2026/06/30/081720,https://x.com/endo1maruhan/status/2071194504812793989
2026-06-29,2026-06-28,機種,シャーマンキング,レンゲ,レンゲ→蓮,2,4,1525,https://sloslo-blog.hatenablog.com/entry/2026/06/30/081720,https://x.com/endo1maruhan/status/2071194504812793989
2026-06-29,2026-06-28,機種,バイオRE:2,豆腐,豆腐→豆腐カスタム,2,2,4350,https://sloslo-blog.hatenablog.com/entry/2026/06/30/081720,https://x.com/endo1maruhan/status/2071194504812793989
2026-06-29,2026-06-28,機種,モンキーV,ポスト冒頭「こんばんは~エンドウです」川柳18文字,ポスト冒頭「こんばんは~エンドウです」川柳18文字→18台設置,12,18,2217,https://sloslo-blog.hatenablog.com/entry/2026/06/30/081720,https://x.com/endo1maruhan/status/2071194504812793989
2026-06-29,2026-06-28,機種,モンキーV,爆速提供,爆速提供→全速モード,12,18,2217,https://sloslo-blog.hatenablog.com/entry/2026/06/30/081720,https://x.com/endo1maruhan/status/2071194504812793989
2026-06-30,2026-06-29,機種,アバサー,タフグミ,タフグミ→フグ→🐡,2,2,650,https://sloslo-blog.hatenablog.com/entry/2026/07/01/073431,https://x.com/endo1maruhan/status/2071556822482538717
2026-06-30,2026-06-29,機種,ゴッド,黒背景に金文字,黒背景に金文字,19,24,4475,https://sloslo-blog.hatenablog.com/entry/2026/07/01/073431,https://x.com/endo1maruhan/status/2071556822482538717
2026-06-30,2026-06-29,機種,ゴッド,噛むほど,噛むほど→噛み→神,19,24,4475,https://sloslo-blog.hatenablog.com/entry/2026/07/01/073431,https://x.com/endo1maruhan/status/2071556822482538717
2026-06-30,2026-06-29,機種,シェイク,付箋5種,付箋5種→5人→SMAP→SHAKE（SMAPの曲）,2,3,300,https://sloslo-blog.hatenablog.com/entry/2026/07/01/073431,https://x.com/endo1maruhan/status/2071556822482538717
2026-06-30,2026-06-29,機種,ジャグラーガールズ,UFO,UFO→ピンクレディー,5,6,2283,https://sloslo-blog.hatenablog.com/entry/2026/07/01/073431,https://x.com/endo1maruhan/status/2071556822482538717
2026-06-30,2026-06-29,機種,スタハナ,ポテコパッケージに☆マーク,ポテコパッケージに☆マーク→スター,3,3,3267,https://sloslo-blog.hatenablog.com/entry/2026/07/01/073431,https://x.com/endo1maruhan/status/2071556822482538717
2026-06-30,2026-06-29,機種,ドリフターズ,画像4枚目の付箋5種,画像4枚目の付箋5種→5人→ドリフ,,,,https://sloslo-blog.hatenablog.com/entry/2026/07/01/073431,https://x.com/endo1maruhan/status/2071556822482538717
2026-06-30,2026-06-29,機種,ヴヴヴ,UFOのパッケージにぶっ濃い×3,UFOのパッケージにぶっ濃い×3→ぶっぶっぶっ,2,4,2925,https://sloslo-blog.hatenablog.com/entry/2026/07/01/073431,https://x.com/endo1maruhan/status/2071556822482538717
2026-06-30,2026-06-29,機種,攻殻機動隊,ポテコ110g,ポテコ110g→110→警察→公安9課,2,5,1420,https://sloslo-blog.hatenablog.com/entry/2026/07/01/073431,https://x.com/endo1maruhan/status/2071556822482538717
2026-07-01,2026-06-30,機種,ウルミラ,スタート,スタート→スター,5,5,1900,https://sloslo-blog.hatenablog.com/entry/2026/07/02/073944,https://x.com/endo1maruhan/status/2071919284658503688
2026-07-01,2026-06-30,機種,ウルミラ,テーブル,テーブル→ブル→雄牛,5,5,1900,https://sloslo-blog.hatenablog.com/entry/2026/07/02/073944,https://x.com/endo1maruhan/status/2071919284658503688
2026-07-01,2026-06-30,末尾・設置・記念日など,バラエティ,７月スタート１日目,７月スタート１日目,,,,https://sloslo-blog.hatenablog.com/entry/2026/07/02/073944,https://x.com/endo1maruhan/status/2071919284658503688
2026-07-01,2026-06-30,機種,ミスタージャグラー,黒カレー,黒カレー→黒,4,5,2440,https://sloslo-blog.hatenablog.com/entry/2026/07/02/073944,https://x.com/endo1maruhan/status/2071919284658503688
2026-07-01,2026-06-30,機種,東京喰種,キャラ誕,キャラ誕→霧島トーカ🎂,35,39,6185,https://sloslo-blog.hatenablog.com/entry/2026/07/02/073944,https://x.com/endo1maruhan/status/2071919284658503688
2026-07-01,2026-06-30,機種,東京喰種,7月,7月→文月（ふみづき）→手紙,35,39,6185,https://sloslo-blog.hatenablog.com/entry/2026/07/02/073944,https://x.com/endo1maruhan/status/2071919284658503688
2026-07-01,2026-06-30,機種,東京喰種,合同オススメ機種,合同オススメ機種,35,39,6185,https://sloslo-blog.hatenablog.com/entry/2026/07/02/073944,https://x.com/endo1maruhan/status/2071919284658503688
2026-07-02,2026-07-01,機種,アニマルドッチ,7月2日,7月2日→2台設置機,2,2,650,https://sloslo-blog.hatenablog.com/entry/2026/07/03/072006,https://x.com/endo1maruhan/status/2072281765738422667
2026-07-02,2026-07-01,機種,アニマルドッチ,動物,動物→アニマル,2,2,650,https://sloslo-blog.hatenablog.com/entry/2026/07/03/072006,https://x.com/endo1maruhan/status/2072281765738422667
2026-07-02,2026-07-01,機種,アバサー,7月2日,7月2日→2台設置機,2,2,1400,https://sloslo-blog.hatenablog.com/entry/2026/07/03/072006,https://x.com/endo1maruhan/status/2072281765738422667
2026-07-02,2026-07-01,機種,アバサー,サバンナ,サバンナ→サバ→魚,2,2,1400,https://sloslo-blog.hatenablog.com/entry/2026/07/03/072006,https://x.com/endo1maruhan/status/2072281765738422667
2026-07-02,2026-07-01,機種,ウルミラ,牛🐮,牛🐮,5,5,2660,https://sloslo-blog.hatenablog.com/entry/2026/07/03/072006,https://x.com/endo1maruhan/status/2072281765738422667
2026-07-02,2026-07-01,機種,グランベルム,7月2日,7月2日→2台設置機,2,2,800,https://sloslo-blog.hatenablog.com/entry/2026/07/03/072006,https://x.com/endo1maruhan/status/2072281765738422667
2026-07-02,2026-07-01,機種,グランベルム,とんかつ,とんかつ→とんかつまん,2,2,800,https://sloslo-blog.hatenablog.com/entry/2026/07/03/072006,https://x.com/endo1maruhan/status/2072281765738422667
2026-07-02,2026-07-01,機種,ミスタージャグラー,昨日食べたものを思い出せない,昨日食べたものを思い出せない→昨日食べたのは「黒牛カレー」→黒,5,5,3400,https://sloslo-blog.hatenablog.com/entry/2026/07/03/072006,https://x.com/endo1maruhan/status/2072281765738422667
2026-07-02,2026-07-01,機種,超電磁砲2,7月2日,7月2日→2台設置機,2,2,5950,https://sloslo-blog.hatenablog.com/entry/2026/07/03/072006,https://x.com/endo1maruhan/status/2072281765738422667
2026-07-03,2026-07-02,機種,Sこのすば,お水,お水→アクア,3,3,2700,https://sloslo-blog.hatenablog.com/entry/2026/07/04/072614,https://x.com/endo1maruhan/status/2072644088290320841
2026-07-03,2026-07-02,機種,Sこのすば,7/3,7/3→7月3日目→3台機種,3,3,2700,https://sloslo-blog.hatenablog.com/entry/2026/07/04/072614,https://x.com/endo1maruhan/status/2072644088290320841
2026-07-03,2026-07-02,機種,アズレン,7/3,7/3→波（73）の日→3台7文字,3,3,11767,https://sloslo-blog.hatenablog.com/entry/2026/07/04/072614,https://x.com/endo1maruhan/status/2072644088290320841
2026-07-03,2026-07-02,機種,アズレン,7/3,7/3→7月3日目→3台機種,3,3,11767,https://sloslo-blog.hatenablog.com/entry/2026/07/04/072614,https://x.com/endo1maruhan/status/2072644088290320841
2026-07-03,2026-07-02,機種,キンハナ,7/3（金）,7/3（金）→華金→ハナキン,11,12,3367,https://sloslo-blog.hatenablog.com/entry/2026/07/04/072614,https://x.com/endo1maruhan/status/2072644088290320841
2026-07-03,2026-07-02,機種,シェイク,7/3,7/3→波の日→ウェーブ,3,3,1333,https://sloslo-blog.hatenablog.com/entry/2026/07/04/072614,https://x.com/endo1maruhan/status/2072644088290320841
2026-07-03,2026-07-02,機種,シェイク,7/3,7/3→7月3日目→3台機種,3,3,1333,https://sloslo-blog.hatenablog.com/entry/2026/07/04/072614,https://x.com/endo1maruhan/status/2072644088290320841
2026-07-03,2026-07-02,機種,スーパーブラックジャック,もり中華,もり中華→中華→チャイナステージ,3,6,2083,https://sloslo-blog.hatenablog.com/entry/2026/07/04/072614,https://x.com/endo1maruhan/status/2072644088290320841
2026-07-03,2026-07-02,機種,虚構推理,7/3,7/3→波（73）の日→3台7文字,2,3,3500,https://sloslo-blog.hatenablog.com/entry/2026/07/04/072614,https://x.com/endo1maruhan/status/2072644088290320841
2026-07-03,2026-07-02,機種,虚構推理,7/3,7/3→7月3日目→3台機種,2,3,3500,https://sloslo-blog.hatenablog.com/entry/2026/07/04/072614,https://x.com/endo1maruhan/status/2072644088290320841
2026-07-04,2026-07-03,機種,Lディスク,ミックスフライ,ミックスフライ→ミックス→リミックス,3,4,1700,https://sloslo-blog.hatenablog.com/entry/2026/07/05/072140,https://x.com/endo1maruhan/status/2073006395914653905
2026-07-04,2026-07-03,機種,いざ番長,写真：持込・休憩での利用はできません,写真：持込・休憩での利用はできません→m(__)m→御免,2,4,2000,https://sloslo-blog.hatenablog.com/entry/2026/07/05/072140,https://x.com/endo1maruhan/status/2073006395914653905
2026-07-04,2026-07-03,機種,アレックス,フライ,フライ→鳥,1,4,-225,https://sloslo-blog.hatenablog.com/entry/2026/07/05/072140,https://x.com/endo1maruhan/status/2073006395914653905
2026-07-04,2026-07-03,機種,アレックス,軽い,軽い→LIGHT→ブライト,1,4,-225,https://sloslo-blog.hatenablog.com/entry/2026/07/05/072140,https://x.com/endo1maruhan/status/2073006395914653905
2026-07-04,2026-07-03,機種,サンダーV,3分,3分→3ダー,4,4,1250,https://sloslo-blog.hatenablog.com/entry/2026/07/05/072140,https://x.com/endo1maruhan/status/2073006395914653905
2026-07-04,2026-07-03,機種,シャーマンキング,3分,3分→3分クッキング→キング,3,4,2575,https://sloslo-blog.hatenablog.com/entry/2026/07/05/072140,https://x.com/endo1maruhan/status/2073006395914653905
2026-07-04,2026-07-03,機種,ヴヴヴ,写真フライの尾がＶ,写真フライの尾がＶ,2,4,-1175,https://sloslo-blog.hatenablog.com/entry/2026/07/05/072140,https://x.com/endo1maruhan/status/2073006395914653905
2026-07-04,2026-07-03,機種,ヴヴヴ,フライが3つ,フライが3つ,2,4,-1175,https://sloslo-blog.hatenablog.com/entry/2026/07/05/072140,https://x.com/endo1maruhan/status/2073006395914653905
2026-07-05,2026-07-04,機種,SBJ,1021円,1021円→21→ブラックジャック,3,6,2050,https://sloslo-blog.hatenablog.com/entry/2026/07/06/072411,https://x.com/endo1maruhan/status/2073368789010522330
2026-07-05,2026-07-04,機種,からくり,サンデー,サンデー→少年サンデー,4,9,3533,https://sloslo-blog.hatenablog.com/entry/2026/07/06/072411,https://x.com/endo1maruhan/status/2073368789010522330
2026-07-05,2026-07-04,機種,サンダーV,スイカバー,スイカバー→図柄9番スイカ8番BAR,4,4,,https://sloslo-blog.hatenablog.com/entry/2026/07/06/072411,https://x.com/endo1maruhan/status/2073368789010522330
2026-07-05,2026-07-04,機種,ミスタージャグラー,5日目,5日目→5台機種,4,5,2500,https://sloslo-blog.hatenablog.com/entry/2026/07/06/072411,https://x.com/endo1maruhan/status/2073368789010522330
2026-07-05,2026-07-04,機種,ミスタージャグラー,365g,365g→365日→ミスチル,4,5,2500,https://sloslo-blog.hatenablog.com/entry/2026/07/06/072411,https://x.com/endo1maruhan/status/2073368789010522330
2026-07-05,2026-07-04,機種,戦国乙女4,5日目,5日目→5台機種,3,5,,https://sloslo-blog.hatenablog.com/entry/2026/07/06/072411,https://x.com/endo1maruhan/status/2073368789010522330
2026-07-05,2026-07-04,機種,戦国乙女4,週末,週末→尾張,3,5,,https://sloslo-blog.hatenablog.com/entry/2026/07/06/072411,https://x.com/endo1maruhan/status/2073368789010522330
2026-07-05,2026-07-04,機種,攻殻機動隊,5日目,5日目→5台機種,4,5,4780,https://sloslo-blog.hatenablog.com/entry/2026/07/06/072411,https://x.com/endo1maruhan/status/2073368789010522330
2026-07-05,2026-07-04,機種,攻殻機動隊,えびかに（アレルギー表示）,えびかに（アレルギー表示）→甲殻類,4,5,4780,https://sloslo-blog.hatenablog.com/entry/2026/07/06/072411,https://x.com/endo1maruhan/status/2073368789010522330
2026-07-05,2026-07-04,機種,防振り,5日目,5日目→5台機種,4,5,4960,https://sloslo-blog.hatenablog.com/entry/2026/07/06/072411,https://x.com/endo1maruhan/status/2073368789010522330
2026-07-05,2026-07-04,機種,防振り,たんぱく,たんぱく→たん→メイプルしか勝たん,4,5,4960,https://sloslo-blog.hatenablog.com/entry/2026/07/06/072411,https://x.com/endo1maruhan/status/2073368789010522330
2026-07-06,2026-07-05,機種,Sこのすば,きゃべつ,きゃべつ,2,3,67,https://sloslo-blog.hatenablog.com/entry/2026/07/07/080215,https://x.com/endo1maruhan/status/2073731142738727038
2026-07-06,2026-07-05,末尾・設置・記念日など,アナザー末尾⑤,クーポンチケット,クーポンチケット→5枚つづり,,,,https://sloslo-blog.hatenablog.com/entry/2026/07/07/080215,https://x.com/endo1maruhan/status/2073731142738727038
2026-07-06,2026-07-05,機種,アバサー,気になる生活習慣病,気になる生活習慣病→体重増加→ぷくぅ―,2,2,1350,https://sloslo-blog.hatenablog.com/entry/2026/07/07/080215,https://x.com/endo1maruhan/status/2073731142738727038
2026-07-06,2026-07-05,機種,ジャグラーガールズ,6日,6日→6台機種,6,6,2867,https://sloslo-blog.hatenablog.com/entry/2026/07/07/080215,https://x.com/endo1maruhan/status/2073731142738727038
2026-07-06,2026-07-05,機種,ジャグラーガールズ,二鳥,二鳥→ガールズ,6,6,2867,https://sloslo-blog.hatenablog.com/entry/2026/07/07/080215,https://x.com/endo1maruhan/status/2073731142738727038
2026-07-06,2026-07-05,機種,化物語,一石二鳥,一石二鳥→一つの石を投げて二羽の鳥を得る→効果２倍→倍々,4,5,1960,https://sloslo-blog.hatenablog.com/entry/2026/07/07/080215,https://x.com/endo1maruhan/status/2073731142738727038
2026-07-07,2026-07-06,機種,アイム,7日,7日→7台機種,7,7,2500,https://sloslo-blog.hatenablog.com/entry/2026/07/08/075418,https://x.com/endo1maruhan/status/2074093643934376097
2026-07-07,2026-07-06,機種,リオエース2,7日,7日→7台機種,5,7,2757,https://sloslo-blog.hatenablog.com/entry/2026/07/08/075418,https://x.com/endo1maruhan/status/2074093643934376097
2026-07-07,2026-07-06,機種,リオエース2,FIFA,FIFA→チューリッヒに本部→チュー,5,7,2757,https://sloslo-blog.hatenablog.com/entry/2026/07/08/075418,https://x.com/endo1maruhan/status/2074093643934376097
2026-07-07,2026-07-06,機種,北斗,7まつわり,7まつわり→北斗七星,8,8,1688,https://sloslo-blog.hatenablog.com/entry/2026/07/08/075418,https://x.com/endo1maruhan/status/2074093643934376097
2026-07-07,2026-07-06,機種,北斗,w杯,w杯→ダブル→北斗と転生,8,8,1688,https://sloslo-blog.hatenablog.com/entry/2026/07/08/075418,https://x.com/endo1maruhan/status/2074093643934376097
2026-07-07,2026-07-06,機種,北斗転生2,7まつわり,7まつわり→北斗七星,4,7,2514,https://sloslo-blog.hatenablog.com/entry/2026/07/08/075418,https://x.com/endo1maruhan/status/2074093643934376097
2026-07-07,2026-07-06,機種,北斗転生2,7日,7日→7台機種,4,7,2514,https://sloslo-blog.hatenablog.com/entry/2026/07/08/075418,https://x.com/endo1maruhan/status/2074093643934376097
2026-07-07,2026-07-06,機種,北斗転生2,w杯,w杯→ダブル→北斗と転生,4,7,2514,https://sloslo-blog.hatenablog.com/entry/2026/07/08/075418,https://x.com/endo1maruhan/status/2074093643934376097
2026-07-07,2026-07-06,機種,東京喰種,令和８年,令和８年→エイト→エト,31,39,4900,https://sloslo-blog.hatenablog.com/entry/2026/07/08/075418,https://x.com/endo1maruhan/status/2074093643934376097
2026-07-07,2026-07-06,機種,東京喰種,10日まで,10日まで→とおかまで→薫香,31,39,4900,https://sloslo-blog.hatenablog.com/entry/2026/07/08/075418,https://x.com/endo1maruhan/status/2074093643934376097
2026-07-07,2026-07-06,機種,東京喰種,入場方法,入場方法→ホーホー→梟,31,39,4900,https://sloslo-blog.hatenablog.com/entry/2026/07/08/075418,https://x.com/endo1maruhan/status/2074093643934376097
2026-07-07,2026-07-06,機種,東京喰種,キャラ誕生日,キャラ誕生日→クロナ シロナ,31,39,4900,https://sloslo-blog.hatenablog.com/entry/2026/07/08/075418,https://x.com/endo1maruhan/status/2074093643934376097
2026-07-08,2026-07-07,機種,からくり,カツカレー,カツカレー→勝(まさる),4,9,856,https://sloslo-blog.hatenablog.com/entry/2026/07/09/071718,https://x.com/endo1maruhan/status/2074456013068276200
2026-07-08,2026-07-07,機種,グランベルム,ポーク,ポーク→豚,1,2,200,https://sloslo-blog.hatenablog.com/entry/2026/07/09/071718,https://x.com/endo1maruhan/status/2074456013068276200
2026-07-08,2026-07-07,機種,グランベルム,カツ,カツ→とんかつマン,1,2,200,https://sloslo-blog.hatenablog.com/entry/2026/07/09/071718,https://x.com/endo1maruhan/status/2074456013068276200
2026-07-08,2026-07-07,機種,ゴッドイーター,福神漬け,福神漬け→神,6,13,3954,https://sloslo-blog.hatenablog.com/entry/2026/07/09/071718,https://x.com/endo1maruhan/status/2074456013068276200
2026-07-08,2026-07-07,機種,ゴッドイーター,山佐プレミアムDAY,山佐プレミアムDAY,6,13,3954,https://sloslo-blog.hatenablog.com/entry/2026/07/09/071718,https://x.com/endo1maruhan/status/2074456013068276200
2026-07-08,2026-07-07,機種,スーパーブラックジャック,野菜,野菜→サイ→サイコロ,4,6,2000,https://sloslo-blog.hatenablog.com/entry/2026/07/09/071718,https://x.com/endo1maruhan/status/2074456013068276200
2026-07-08,2026-07-07,機種,スーパーブラックジャック,山佐プレミアムDAY,山佐プレミアムDAY,4,6,2000,https://sloslo-blog.hatenablog.com/entry/2026/07/09/071718,https://x.com/endo1maruhan/status/2074456013068276200
2026-07-08,2026-07-07,機種,ドラハナ,チーズ,チーズ→乳製品→チチ→ドラゴンボール,10,11,2100,https://sloslo-blog.hatenablog.com/entry/2026/07/09/071718,https://x.com/endo1maruhan/status/2074456013068276200
2026-07-08,2026-07-07,機種,ファンキー2,イケてるダンチ初登場,イケてるダンチ初登場→１回目→ワン🐶,31,32,2819,https://sloslo-blog.hatenablog.com/entry/2026/07/09/071718,https://x.com/endo1maruhan/status/2074456013068276200
2026-07-08,2026-07-07,機種,ファンキー2,唐揚げ1個,唐揚げ1個→ワン🐶,31,32,2819,https://sloslo-blog.hatenablog.com/entry/2026/07/09/071718,https://x.com/endo1maruhan/status/2074456013068276200
2026-07-08,2026-07-07,機種,モンハンライズ,モンスナック,モンスナック→モンス→モンスター,5,8,1625,https://sloslo-blog.hatenablog.com/entry/2026/07/09/071718,https://x.com/endo1maruhan/status/2074456013068276200
2026-07-08,2026-07-07,機種,モンハンライズ,8日目,8日目→8台機種,5,8,1625,https://sloslo-blog.hatenablog.com/entry/2026/07/09/071718,https://x.com/endo1maruhan/status/2074456013068276200
2026-07-08,2026-07-07,機種,攻殻機動隊,シーフード、エビ,シーフード、エビ→甲殻,1,5,180,https://sloslo-blog.hatenablog.com/entry/2026/07/09/071718,https://x.com/endo1maruhan/status/2074456013068276200
2026-07-09,2026-07-08,機種,からくり,妖怪ウォッチ,妖怪ウォッチ→からくりベンケイ→からくり,4,9,2956,https://sloslo-blog.hatenablog.com/entry/2026/07/10/073617,https://x.com/endo1maruhan/status/2074818293995893195
2026-07-09,2026-07-08,機種,からくり,9日,9日→9日目→9台機種,4,9,2956,https://sloslo-blog.hatenablog.com/entry/2026/07/10/073617,https://x.com/endo1maruhan/status/2074818293995893195
2026-07-09,2026-07-08,機種,アバサー,品数豊富ランチ,品数豊富ランチ→満腹→ぷくぅー,2,2,1550,https://sloslo-blog.hatenablog.com/entry/2026/07/10/073617,https://x.com/endo1maruhan/status/2074818293995893195
2026-07-09,2026-07-08,機種,カバネリ海門,生姜焼き,生姜焼き→ジンジャー→神社,20,22,2550,https://sloslo-blog.hatenablog.com/entry/2026/07/10/073617,https://x.com/endo1maruhan/status/2074818293995893195
2026-07-09,2026-07-08,機種,虚構推理,妖怪ウォッチ,妖怪ウォッチ→ようかい体操第一→大一,1,3,1133,https://sloslo-blog.hatenablog.com/entry/2026/07/10/073617,https://x.com/endo1maruhan/status/2074818293995893195
2026-07-10,2026-07-09,機種,ToLOVEる,ロッと,ロッと→ぺろぺろちゃんす,,,,https://sloslo-blog.hatenablog.com/entry/2026/07/11/071318,https://x.com/endo1maruhan/status/2075180799767482853
2026-07-10,2026-07-09,機種,アレックス,錦糸卵,錦糸卵→卵,,,,https://sloslo-blog.hatenablog.com/entry/2026/07/11/071318,https://x.com/endo1maruhan/status/2075180799767482853
2026-07-10,2026-07-09,機種,スタハナ,ハム,ハム→ハムスター→スター,,,,https://sloslo-blog.hatenablog.com/entry/2026/07/11/071318,https://x.com/endo1maruhan/status/2075180799767482853
2026-07-10,2026-07-09,機種,リゼロ2,幻聴,幻聴→蝶🦋,,,,https://sloslo-blog.hatenablog.com/entry/2026/07/11/071318,https://x.com/endo1maruhan/status/2075180799767482853
2026-07-10,2026-07-09,機種,炎炎2,キャラ誕（アーサー）,キャラ誕（アーサー）,,,,https://sloslo-blog.hatenablog.com/entry/2026/07/11/071318,https://x.com/endo1maruhan/status/2075180799767482853
2026-07-11,2026-07-10,機種,アニマルドッチ,選べる,選べる→どっち？,,,,https://sloslo-blog.hatenablog.com/entry/2026/07/12/072356,https://x.com/endo1maruhan/status/2075543104200081619
2026-07-11,2026-07-10,機種,アニマルドッチ,漬物,漬物→けもの,,,,https://sloslo-blog.hatenablog.com/entry/2026/07/12/072356,https://x.com/endo1maruhan/status/2075543104200081619
2026-07-11,2026-07-10,機種,ドラハナ,11日目,11日目→11台機種,,,,https://sloslo-blog.hatenablog.com/entry/2026/07/12/072356,https://x.com/endo1maruhan/status/2075543104200081619
2026-07-11,2026-07-10,機種,ドラハナ,ランチ,ランチ→ドラゴンボール,,,,https://sloslo-blog.hatenablog.com/entry/2026/07/12/072356,https://x.com/endo1maruhan/status/2075543104200081619
2026-07-11,2026-07-10,機種,ヴヴヴ,キャラ誕,キャラ誕→リーゼロッテ🎂,,,,https://sloslo-blog.hatenablog.com/entry/2026/07/12/072356,https://x.com/endo1maruhan/status/2075543104200081619
2026-07-11,2026-07-10,機種,吉宗,キャラ誕,キャラ誕→吉宗,,,,https://sloslo-blog.hatenablog.com/entry/2026/07/12/072356,https://x.com/endo1maruhan/status/2075543104200081619
2026-07-11,2026-07-10,機種,虚構推理,鳥吸い,鳥吸い→推→推理,,,,https://sloslo-blog.hatenablog.com/entry/2026/07/12/072356,https://x.com/endo1maruhan/status/2075543104200081619
2026-07-12,2026-07-11,機種,ゴッドイーター,サンデー,サンデー→YAIBA→龍神剣→神,8,13,7115,https://sloslo-blog.hatenablog.com/entry/2026/07/13/073757,https://x.com/endo1maruhan/status/2075905562009862202
2026-07-12,2026-07-11,機種,ゾンサガ,広場,広場→656広場,,,,https://sloslo-blog.hatenablog.com/entry/2026/07/13/073757,https://x.com/endo1maruhan/status/2075905562009862202
2026-07-12,2026-07-11,機種,北斗,N,N→North→北,8,8,2238,https://sloslo-blog.hatenablog.com/entry/2026/07/13/073757,https://x.com/endo1maruhan/status/2075905562009862202
2026-07-12,2026-07-11,機種,北斗,サンデー,サンデー→コナン→青山剛昌→剛掌波→北斗,8,8,2238,https://sloslo-blog.hatenablog.com/entry/2026/07/13/073757,https://x.com/endo1maruhan/status/2075905562009862202
2026-07-12,2026-07-11,機種,炎炎2,12日目,12日目→12台機種,11,12,4233,https://sloslo-blog.hatenablog.com/entry/2026/07/13/073757,https://x.com/endo1maruhan/status/2075905562009862202
2026-07-12,2026-07-11,機種,炎炎2,展示,展示→10字→十字目,11,12,4233,https://sloslo-blog.hatenablog.com/entry/2026/07/13/073757,https://x.com/endo1maruhan/status/2075905562009862202
2026-07-12,2026-07-11,機種,番長ZERO,サンデー,サンデー→コナン→青山剛昌→青山モータース,,,,https://sloslo-blog.hatenablog.com/entry/2026/07/13/073757,https://x.com/endo1maruhan/status/2075905562009862202
2026-07-12,2026-07-11,機種,真打吉宗,12日目,12日目→12台機種,6,12,217,https://sloslo-blog.hatenablog.com/entry/2026/07/13/073757,https://x.com/endo1maruhan/status/2075905562009862202
2026-07-12,2026-07-11,機種,真打吉宗,レシート7/11,レシート7/11→711,6,12,217,https://sloslo-blog.hatenablog.com/entry/2026/07/13/073757,https://x.com/endo1maruhan/status/2075905562009862202
2026-07-12,2026-07-11,機種,虚構推理,サンデー,サンデー→コナン→探偵→推理,3,3,4900,https://sloslo-blog.hatenablog.com/entry/2026/07/13/073757,https://x.com/endo1maruhan/status/2075905562009862202
2026-07-13,2026-07-12,機種,ウルミラ,夜空,夜空→星,3,5,1240,https://sloslo-blog.hatenablog.com/entry/2026/07/14/082130,https://x.com/endo1maruhan/status/2076267921123549383
2026-07-13,2026-07-12,機種,シェイク,ゲソ,ゲソ→イカ→スプラトゥーンレイダース→シャケ→SHAKE,3,3,3833,https://sloslo-blog.hatenablog.com/entry/2026/07/14/082130,https://x.com/endo1maruhan/status/2076267921123549383
2026-07-13,2026-07-12,機種,ジャグラーガールズ,ミニゲソ丼,ミニゲソ丼→ミニスカート→ジャグリー（女性キャラ）,5,6,1750,https://sloslo-blog.hatenablog.com/entry/2026/07/14/082130,https://x.com/endo1maruhan/status/2076267921123549383
2026-07-13,2026-07-12,機種,モンハンライズ,閃光,閃光→閃光玉,5,8,3812,https://sloslo-blog.hatenablog.com/entry/2026/07/14/082130,https://x.com/endo1maruhan/status/2076267921123549383
2026-07-14,2026-07-13,機種,かぐや様,ココロまんまる,ココロまんまる→ハート→告,9,9,5578,https://sloslo-blog.hatenablog.com/entry/2026/07/15/072353,https://x.com/endo1maruhan/status/2076630263166366193
2026-07-14,2026-07-13,機種,ギアスC.C.,ルールル ルルル ルールル ルルル,ルールル ルルル ルールル ルルル→徹子の部屋→黒柳→黒の騎士団,,,,https://sloslo-blog.hatenablog.com/entry/2026/07/15/072353,https://x.com/endo1maruhan/status/2076630263166366193
2026-07-14,2026-07-13,機種,ギアスC.C.,ナイトバリュー,ナイトバリュー→騎士→騎士団,,,,https://sloslo-blog.hatenablog.com/entry/2026/07/15/072353,https://x.com/endo1maruhan/status/2076630263166366193
2026-07-14,2026-07-13,機種,リゼロ2,雪見だいふく,雪見だいふく→雪→雪合戦,,,,https://sloslo-blog.hatenablog.com/entry/2026/07/15/072353,https://x.com/endo1maruhan/status/2076630263166366193
2026-07-14,2026-07-13,機種,戦国乙女5,7/14,7/14→14日目→14台機種,12,14,7214,https://sloslo-blog.hatenablog.com/entry/2026/07/15/072353,https://x.com/endo1maruhan/status/2076630263166366193
2026-07-14,2026-07-13,機種,戦国乙女5,雪見だいふくパッケージにうさぎ,雪見だいふくパッケージにうさぎ→グミ→戦国乙女,12,14,7214,https://sloslo-blog.hatenablog.com/entry/2026/07/15/072353,https://x.com/endo1maruhan/status/2076630263166366193
2026-07-14,2026-07-13,機種,攻殻機動隊,エビたま,エビたま→甲殻類,3,5,3600,https://sloslo-blog.hatenablog.com/entry/2026/07/15/072353,https://x.com/endo1maruhan/status/2076630263166366193
2026-07-15,2026-07-14,機種,SAO,打ち合わせ×打ち合わせ,打ち合わせ×打ち合わせ→攻略会議→SAO,4,5,4100,https://sloslo-blog.hatenablog.com/entry/2026/07/16/081453,https://x.com/endo1maruhan/status/2076992642123182227
2026-07-15,2026-07-14,機種,ジャグラーガールズ,JR,JR→みどりの窓口→緑の筐体→ジャグラーガールズ,5,6,2050,https://sloslo-blog.hatenablog.com/entry/2026/07/16/081453,https://x.com/endo1maruhan/status/2076992642123182227
2026-07-15,2026-07-14,機種,ハッピー,JR,JR→みどりの窓口→緑の筐体→ハッピー,5,5,2940,https://sloslo-blog.hatenablog.com/entry/2026/07/16/081453,https://x.com/endo1maruhan/status/2076992642123182227
2026-07-15,2026-07-14,機種,真打吉宗,蒲田駅,蒲田駅→釜茹での刑→真打吉宗,5,12,2842,https://sloslo-blog.hatenablog.com/entry/2026/07/16/081453,https://x.com/endo1maruhan/status/2076992642123182227
2026-07-16,2026-07-15,末尾・設置・記念日など,アナザー末尾⓪,アイス,アイス→ファミマル→マル→⓪,,,,https://sloslo-blog.hatenablog.com/entry/2026/07/17/075035,https://x.com/endo1maruhan/status/2077355115355557915
2026-07-16,2026-07-15,機種,グランベルム,とんかつ,とんかつ→とんかつマン,2,2,2850,https://sloslo-blog.hatenablog.com/entry/2026/07/17/075035,https://x.com/endo1maruhan/status/2077355115355557915
2026-07-16,2026-07-15,機種,バイオRE:2,ダブルロース定食,ダブルロース定食→ダブル機種,2,2,750,https://sloslo-blog.hatenablog.com/entry/2026/07/17/075035,https://x.com/endo1maruhan/status/2077355115355557915
2026-07-16,2026-07-15,機種,バイオRE:2,クーポン,クーポン→260円引き→A260→遺伝子実験,2,2,750,https://sloslo-blog.hatenablog.com/entry/2026/07/17/075035,https://x.com/endo1maruhan/status/2077355115355557915
2026-07-16,2026-07-15,機種,バイオRE:2,戻ってきた,戻ってきた→RE,2,2,750,https://sloslo-blog.hatenablog.com/entry/2026/07/17/075035,https://x.com/endo1maruhan/status/2077355115355557915
2026-07-16,2026-07-15,機種,超電磁砲2,日差しが強い,日差しが強い→日本晴れ→2本晴れ,2,2,6300,https://sloslo-blog.hatenablog.com/entry/2026/07/17/075035,https://x.com/endo1maruhan/status/2077355115355557915
2026-07-16,2026-07-15,機種,超電磁砲2,ダブルロース,ダブルロース→ダブル→2台レールガン2,2,2,6300,https://sloslo-blog.hatenablog.com/entry/2026/07/17/075035,https://x.com/endo1maruhan/status/2077355115355557915
2026-07-16,2026-07-15,機種,超電磁砲2,チョコチップ,チョコチップ→チップコイン,2,2,6300,https://sloslo-blog.hatenablog.com/entry/2026/07/17/075035,https://x.com/endo1maruhan/status/2077355115355557915
2026-07-17,2026-07-16,機種,ToLOVEる,熱中症,熱中症→ねっちゅうしょう→ね、ちゅうしよう→ときめキスいーと,,,,https://sloslo-blog.hatenablog.com/entry/2026/07/18/070918,https://x.com/endo1maruhan/status/2077717415576907920
2026-07-17,2026-07-16,機種,かぐや様,コーラ,コーラ→コーク→コークらせたい,,,,https://sloslo-blog.hatenablog.com/entry/2026/07/18/070918,https://x.com/endo1maruhan/status/2077717415576907920
2026-07-17,2026-07-16,機種,アイム,ノーサイド,ノーサイド→サイ→つのっち,,,,https://sloslo-blog.hatenablog.com/entry/2026/07/18/070918,https://x.com/endo1maruhan/status/2077717415576907920
2026-07-17,2026-07-16,機種,エウレカ,おてもと,おてもと→箸→橋→ブリッジステージ,,,,https://sloslo-blog.hatenablog.com/entry/2026/07/18/070918,https://x.com/endo1maruhan/status/2077717415576907920
2026-07-17,2026-07-16,機種,エウレカ,7の日,7の日→7にまつわる機種,,,,https://sloslo-blog.hatenablog.com/entry/2026/07/18/070918,https://x.com/endo1maruhan/status/2077717415576907920
2026-07-17,2026-07-16,機種,ジャグラーガールズ,肉じゃが,"肉じゃが→じゃが→""じゃ""グラー""が""ール",,,,https://sloslo-blog.hatenablog.com/entry/2026/07/18/070918,https://x.com/endo1maruhan/status/2077717415576907920
2026-07-17,2026-07-16,機種,七つ魔,7の日,7の日→7にまつわる機種,,,,https://sloslo-blog.hatenablog.com/entry/2026/07/18/070918,https://x.com/endo1maruhan/status/2077717415576907920
2026-07-17,2026-07-16,機種,北斗,喧々諤々,喧々諤々→ケンケンガクガク→ケン,,,,https://sloslo-blog.hatenablog.com/entry/2026/07/18/070918,https://x.com/endo1maruhan/status/2077717415576907920
2026-07-17,2026-07-16,機種,北斗,7の日,7の日→7にまつわる機種,,,,https://sloslo-blog.hatenablog.com/entry/2026/07/18/070918,https://x.com/endo1maruhan/status/2077717415576907920
2026-07-17,2026-07-16,機種,戦国乙女4,人参,人参,,,,https://sloslo-blog.hatenablog.com/entry/2026/07/18/070918,https://x.com/endo1maruhan/status/2077717415576907920
2026-07-17,2026-07-16,機種,沖ドキゴージャス,17日目,17日目→17台機種,,,,https://sloslo-blog.hatenablog.com/entry/2026/07/18/070918,https://x.com/endo1maruhan/status/2077717415576907920
2026-07-18,2026-07-17,機種,エウレカ,〜系,〜系→波せん→波ニ乗レ🏄️→エウレカ,,,,https://sloslo-blog.hatenablog.com/entry/2026/07/19/072921,https://x.com/endo1maruhan/status/2078079815287296315
2026-07-18,2026-07-17,機種,マギレコ,旨味,旨味→うマミ→マミ→マギレコ,9,10,4180,https://sloslo-blog.hatenablog.com/entry/2026/07/19/072921,https://x.com/endo1maruhan/status/2078079815287296315
2026-07-18,2026-07-17,機種,モンキーV,銀だこ,銀だこ→舟→モンキーV,,,,https://sloslo-blog.hatenablog.com/entry/2026/07/19/072921,https://x.com/endo1maruhan/status/2078079815287296315
2026-07-18,2026-07-17,機種,モンキーV,18日目,18日目→18台機種→モンキーV,,,,https://sloslo-blog.hatenablog.com/entry/2026/07/19/072921,https://x.com/endo1maruhan/status/2078079815287296315
2026-07-18,2026-07-17,機種,炎炎2,バチバチ,バチバチ→8→第8特殊消防隊→炎炎,12,12,5650,https://sloslo-blog.hatenablog.com/entry/2026/07/19/072921,https://x.com/endo1maruhan/status/2078079815287296315
2026-07-19,2026-07-18,機種,Lハナビ,ポスト遅れ,ポスト遅れ→遅れ,4,5,1400,https://sloslo-blog.hatenablog.com/entry/2026/07/20/081409,https://x.com/endo1maruhan/status/2078443078546059270
2026-07-19,2026-07-18,機種,Lハナビ,３連休,３連休→３連ドンちゃん,4,5,1400,https://sloslo-blog.hatenablog.com/entry/2026/07/20/081409,https://x.com/endo1maruhan/status/2078443078546059270
2026-07-19,2026-07-18,機種,SBJ,バスケ,バスケ→黒子のバスケ→黒,5,6,4883,https://sloslo-blog.hatenablog.com/entry/2026/07/20/081409,https://x.com/endo1maruhan/status/2078443078546059270
2026-07-19,2026-07-18,機種,SBJ,ヤマサ減塩しょうゆ,ヤマサ減塩しょうゆ→ヤマサ機種,5,6,4883,https://sloslo-blog.hatenablog.com/entry/2026/07/20/081409,https://x.com/endo1maruhan/status/2078443078546059270
2026-07-19,2026-07-18,機種,からくり,サンデー,サンデー→少年サンデー連載,5,9,3233,https://sloslo-blog.hatenablog.com/entry/2026/07/20/081409,https://x.com/endo1maruhan/status/2078443078546059270
2026-07-19,2026-07-18,機種,グランベルム,弁当の中身見える,弁当の中身見える→ナカミミエール,2,2,5350,https://sloslo-blog.hatenablog.com/entry/2026/07/20/081409,https://x.com/endo1maruhan/status/2078443078546059270
2026-07-19,2026-07-18,機種,ゴージャグ3,３連休,３連休→３のつく機種,21,22,2377,https://sloslo-blog.hatenablog.com/entry/2026/07/20/081409,https://x.com/endo1maruhan/status/2078443078546059270
2026-07-19,2026-07-18,機種,ゴージャグ3,バスケ,バスケ→5対5,21,22,2377,https://sloslo-blog.hatenablog.com/entry/2026/07/20/081409,https://x.com/endo1maruhan/status/2078443078546059270
2026-07-19,2026-07-18,機種,ヴヴヴ,ちょうどいい,ちょうどいい→超ど良い,0,4,-1550,https://sloslo-blog.hatenablog.com/entry/2026/07/20/081409,https://x.com/endo1maruhan/status/2078443078546059270
2026-07-19,2026-07-18,機種,番長ZERO,サンデー,サンデー→青山剛昌→青山モータース,,,,https://sloslo-blog.hatenablog.com/entry/2026/07/20/081409,https://x.com/endo1maruhan/status/2078443078546059270
2026-07-20,2026-07-19,機種,SBJ,バーキン,バーキン→BAR金→ジョーカーモード,4,6,2133,https://sloslo-blog.hatenablog.com/entry/2026/07/21/072117,https://x.com/endo1maruhan/status/2078804805481636103
2026-07-20,2026-07-19,機種,いざ番長,ペッパー,ペッパー→ペッパーミル→侍ジャパン→いざ番長,3,4,4675,https://sloslo-blog.hatenablog.com/entry/2026/07/21/072117,https://x.com/endo1maruhan/status/2078804805481636103
2026-07-20,2026-07-19,機種,シャーマンキング,バーキン,バーキン→キング→シャーマンキング,2,4,3525,https://sloslo-blog.hatenablog.com/entry/2026/07/21/072117,https://x.com/endo1maruhan/status/2078804805481636103
2026-07-20,2026-07-19,機種,リゼロ2,選んだのがコレ,選んだのがコレ→王選→リゼロ,,,,https://sloslo-blog.hatenablog.com/entry/2026/07/21/072117,https://x.com/endo1maruhan/status/2078804805481636103
2026-07-20,2026-07-19,機種,吉宗,食べたかった,食べたかった→たか→たべ鷹った→ヨシムネ,,,,https://sloslo-blog.hatenablog.com/entry/2026/07/21/072117,https://x.com/endo1maruhan/status/2078804805481636103
2026-07-20,2026-07-19,機種,炎炎2,通知,通知→ツー→炎炎2（ツー）,7,12,2908,https://sloslo-blog.hatenablog.com/entry/2026/07/21/072117,https://x.com/endo1maruhan/status/2078804805481636103
2026-07-20,2026-07-19,機種,炎炎2,十分,十分→十字目→炎炎2,7,12,2908,https://sloslo-blog.hatenablog.com/entry/2026/07/21/072117,https://x.com/endo1maruhan/status/2078804805481636103
2026-07-21,2026-07-20,機種,DMC5,夜空,夜空→夜→ナイト→エルダーゲリュオンナイト,,,,https://sloslo-blog.hatenablog.com/entry/2026/07/22/082501,https://x.com/endo1maruhan/status/2079166974240915701
2026-07-21,2026-07-20,機種,ToLOVEる,回避,回避→危険回避,3,4,3275,https://sloslo-blog.hatenablog.com/entry/2026/07/22/082501,https://x.com/endo1maruhan/status/2079166974240915701
2026-07-21,2026-07-20,機種,ひぐらし,回避,回避→惨劇回避,,,,https://sloslo-blog.hatenablog.com/entry/2026/07/22/082501,https://x.com/endo1maruhan/status/2079166974240915701
2026-07-21,2026-07-20,機種,アレックス,鳥良商店,鳥良商店→鳥,2,4,800,https://sloslo-blog.hatenablog.com/entry/2026/07/22/082501,https://x.com/endo1maruhan/status/2079166974240915701
2026-07-21,2026-07-20,機種,ファンキー2,初見,初見→しょ犬,,,,https://sloslo-blog.hatenablog.com/entry/2026/07/22/082501,https://x.com/endo1maruhan/status/2079166974240915701
2026-07-21,2026-07-20,機種,モンハンライズ,タルタル,タルタル→タル爆弾,5,8,4475,https://sloslo-blog.hatenablog.com/entry/2026/07/22/082501,https://x.com/endo1maruhan/status/2079166974240915701
2026-07-21,2026-07-20,機種,七つ魔,七味,七味→７のつく機種,,,,https://sloslo-blog.hatenablog.com/entry/2026/07/22/082501,https://x.com/endo1maruhan/status/2079166974240915701
2026-07-22,2026-07-21,機種,ウルミラ,グラタン,グラタン→タン→べこたん,5,5,4160,https://sloslo-blog.hatenablog.com/entry/2026/07/23/080908,https://x.com/endo1maruhan/status/2079529426736529621
2026-07-22,2026-07-21,機種,ウルミラ,デミグラスソース,デミグラスソース→フォンドボー（牛）,5,5,4160,https://sloslo-blog.hatenablog.com/entry/2026/07/23/080908,https://x.com/endo1maruhan/status/2079529426736529621
2026-07-22,2026-07-21,機種,ジャグラーガールズ,きゅうり🥒,きゅうり🥒→みどり,5,6,2767,https://sloslo-blog.hatenablog.com/entry/2026/07/23/080908,https://x.com/endo1maruhan/status/2079529426736529621
2026-07-22,2026-07-21,機種,ドラハナ,ウーロン茶,ウーロン茶→烏龍→ドラゴン,11,11,2818,https://sloslo-blog.hatenablog.com/entry/2026/07/23/080908,https://x.com/endo1maruhan/status/2079529426736529621
2026-07-22,2026-07-21,機種,ドラハナ,マカロニ,マカロニ→マカロニえんぴつ→はっとり→ハットトリック→サッカー→11台機種,11,11,2818,https://sloslo-blog.hatenablog.com/entry/2026/07/23/080908,https://x.com/endo1maruhan/status/2079529426736529621
2026-07-22,2026-07-21,機種,ドラハナ,ランチ,ランチ→ドラゴンボール→ドラ,11,11,2818,https://sloslo-blog.hatenablog.com/entry/2026/07/23/080908,https://x.com/endo1maruhan/status/2079529426736529621
2026-07-22,2026-07-21,機種,七つ魔,ランチセットドリンク7種類,ランチセットドリンク7種類→７のつく機種,,,,https://sloslo-blog.hatenablog.com/entry/2026/07/23/080908,https://x.com/endo1maruhan/status/2079529426736529621
2026-07-22,2026-07-21,機種,七つ魔,サマーバケーション,サマーバケーション→夏休み→学生,,,,https://sloslo-blog.hatenablog.com/entry/2026/07/23/080908,https://x.com/endo1maruhan/status/2079529426736529621
2026-07-22,2026-07-21,機種,七つ魔,サウナのような暑さ,サウナのような暑さ→猛暑→熱中症のリスク→命を削るリスク→魔剣,,,,https://sloslo-blog.hatenablog.com/entry/2026/07/23/080908,https://x.com/endo1maruhan/status/2079529426736529621
2026-07-22,2026-07-21,機種,北斗転生2,旨し,旨し→あべし,6,7,3914,https://sloslo-blog.hatenablog.com/entry/2026/07/23/080908,https://x.com/endo1maruhan/status/2079529426736529621
2026-07-22,2026-07-21,機種,北斗転生2,ハヤシヤ,ハヤシヤ→ハヤシ→林→リン,6,7,3914,https://sloslo-blog.hatenablog.com/entry/2026/07/23/080908,https://x.com/endo1maruhan/status/2079529426736529621
2026-07-22,2026-07-21,機種,番長ZERO,サマバケ関係無し,サマバケ関係無し→関係ゼロ,,,,https://sloslo-blog.hatenablog.com/entry/2026/07/23/080908,https://x.com/endo1maruhan/status/2079529426736529621
2026-07-22,2026-07-21,機種,虚構推理,きゅうり,きゅうり→かっぱ→妖怪,3,3,4867,https://sloslo-blog.hatenablog.com/entry/2026/07/23/080908,https://x.com/endo1maruhan/status/2079529426736529621
2026-07-23,2026-07-22,機種,DMC5,何が登場するかお楽しみ,何が登場するかお楽しみ→シルエットに？→JOKER,,,,https://sloslo-blog.hatenablog.com/entry/2026/07/24/081330,https://x.com/endo1maruhan/status/2079891819543068745
2026-07-23,2026-07-22,機種,Sこのすば,水曜,水曜→水→アクア,3,3,3300,https://sloslo-blog.hatenablog.com/entry/2026/07/24/081330,https://x.com/endo1maruhan/status/2079891819543068745
2026-07-23,2026-07-22,機種,ToLOVEる,手持ち足りない,手持ち足りない→トラブル発生,1,4,-1075,https://sloslo-blog.hatenablog.com/entry/2026/07/24/081330,https://x.com/endo1maruhan/status/2079891819543068745
2026-07-23,2026-07-22,機種,アイム,再確認,再確認→サイ→つのっち,7,7,1586,https://sloslo-blog.hatenablog.com/entry/2026/07/24/081330,https://x.com/endo1maruhan/status/2079891819543068745
2026-07-23,2026-07-22,機種,アバサー,うなぎ,うなぎ→ふぐ,2,2,2350,https://sloslo-blog.hatenablog.com/entry/2026/07/24/081330,https://x.com/endo1maruhan/status/2079891819543068745
2026-07-23,2026-07-22,機種,シャーマンキング,恒例,恒例→降霊→憑依,3,4,3950,https://sloslo-blog.hatenablog.com/entry/2026/07/24/081330,https://x.com/endo1maruhan/status/2079891819543068745
2026-07-23,2026-07-22,機種,ドリフターズ,水曜日恒例,水曜日恒例→ドリフ大爆笑,,,,https://sloslo-blog.hatenablog.com/entry/2026/07/24/081330,https://x.com/endo1maruhan/status/2079891819543068745
2026-07-23,2026-07-22,機種,マイジャグV,鰻,鰻→銀シャリ→米,47,48,3431,https://sloslo-blog.hatenablog.com/entry/2026/07/24/081330,https://x.com/endo1maruhan/status/2079891819543068745
2026-07-23,2026-07-22,機種,ヴヴヴ,通称にするとわかりにくい,通称にするとわかりにくい,3,4,7975,https://sloslo-blog.hatenablog.com/entry/2026/07/24/081330,https://x.com/endo1maruhan/status/2079891819543068745
2026-07-23,2026-07-22,機種,戦国乙女4,立て替え,立て替え→破軍建返し,1,5,2140,https://sloslo-blog.hatenablog.com/entry/2026/07/24/081330,https://x.com/endo1maruhan/status/2079891819543068745
2026-07-24,2026-07-23,機種,ジャグラーガールズ,スパイス,スパイス→スパイスガールズ,6,6,2433,https://sloslo-blog.hatenablog.com/entry/2026/07/25/073530,https://x.com/endo1maruhan/status/2080254149623726564
2026-07-24,2026-07-23,機種,ドッチ,福神漬け,福神漬け→つけもの→けもの,2,2,9600,https://sloslo-blog.hatenablog.com/entry/2026/07/25/073530,https://x.com/endo1maruhan/status/2080254149623726564
2026-07-24,2026-07-23,機種,ミリオンゴッド,福神漬け,福神漬け→神→ミリオンゴッド,15,24,3825,https://sloslo-blog.hatenablog.com/entry/2026/07/25/073530,https://x.com/endo1maruhan/status/2080254149623726564
2026-07-24,2026-07-23,機種,ミリオンゴッド,24日目,24日目→24台機種,15,24,3825,https://sloslo-blog.hatenablog.com/entry/2026/07/25/073530,https://x.com/endo1maruhan/status/2080254149623726564
2026-07-24,2026-07-23,機種,攻殻機動隊,壱番屋,壱番屋→番屋→警察・消防の役割,3,5,1040,https://sloslo-blog.hatenablog.com/entry/2026/07/25/073530,https://x.com/endo1maruhan/status/2080254149623726564
2026-07-25,2026-07-24,機種,DMC5,50g単位で調整可,50g単位で調整可→どれくらい食べるか→どれ「くらい」,,,,https://sloslo-blog.hatenablog.com/entry/2026/07/26/090251,https://x.com/endo1maruhan/status/2080616543390720130
2026-07-25,2026-07-24,機種,ToLOVEる,プレゼント,プレゼント→プレゼントちゃんす,4,4,8400,https://sloslo-blog.hatenablog.com/entry/2026/07/26/090251,https://x.com/endo1maruhan/status/2080616543390720130
2026-07-25,2026-07-24,機種,クレアBT,王道セット,王道セット→コンボ,,,,https://sloslo-blog.hatenablog.com/entry/2026/07/26/090251,https://x.com/endo1maruhan/status/2080616543390720130
2026-07-25,2026-07-24,機種,ネオアイムEX,サイズ,サイズ→サイ→つのっち,36,40,2305,https://sloslo-blog.hatenablog.com/entry/2026/07/26/090251,https://x.com/endo1maruhan/status/2080616543390720130
2026-07-25,2026-07-24,機種,ミスタージャグラー,ベーコン,ベーコン→コン→コンたろ,,,,https://sloslo-blog.hatenablog.com/entry/2026/07/26/090251,https://x.com/endo1maruhan/status/2080616543390720130
2026-07-25,2026-07-24,機種,七つ魔,厚切り,厚切り→切り→剣,,,,https://sloslo-blog.hatenablog.com/entry/2026/07/26/090251,https://x.com/endo1maruhan/status/2080616543390720130
2026-07-25,2026-07-24,機種,真打吉宗,夏の太陽,夏の太陽→ギラギラ→爺サマー,6,12,325,https://sloslo-blog.hatenablog.com/entry/2026/07/26/090251,https://x.com/endo1maruhan/status/2080616543390720130
2026-07-26,2026-07-25,機種,SAO,オフよりオンだろ,オフよりオンだろ→スイッチ→SAO,5,5,5020,https://sloslo-blog.hatenablog.com/entry/2026/07/27/084958,https://x.com/endo1maruhan/status/2080978858220920999
2026-07-26,2026-07-25,機種,ToLOVEる,プレゼント,プレゼント→プレゼントちゃんす,2,4,175,https://sloslo-blog.hatenablog.com/entry/2026/07/27/084958,https://x.com/endo1maruhan/status/2080978858220920999
2026-07-26,2026-07-25,機種,からくり,サンデー,サンデー→少年サンデー,6,9,1533,https://sloslo-blog.hatenablog.com/entry/2026/07/27/084958,https://x.com/endo1maruhan/status/2080978858220920999
2026-07-26,2026-07-25,末尾・設置・記念日など,アナザー末尾②,カニクリームコロッケ,カニクリームコロッケ→カニ→✌,,,,https://sloslo-blog.hatenablog.com/entry/2026/07/27/084958,https://x.com/endo1maruhan/status/2080978858220920999
2026-07-26,2026-07-25,機種,アバサー,エイサー,エイサー→沖縄,2,2,2150,https://sloslo-blog.hatenablog.com/entry/2026/07/27/084958,https://x.com/endo1maruhan/status/2080978858220920999
2026-07-26,2026-07-25,機種,ウルミラ,7/26,7/26→土用の丑の日→丑→牛,4,5,2860,https://sloslo-blog.hatenablog.com/entry/2026/07/27/084958,https://x.com/endo1maruhan/status/2080978858220920999
2026-07-27,2026-07-26,機種,SAO,7にまつわる,7にまつわる→7台機種,7,7,3657,https://sloslo-blog.hatenablog.com/entry/2026/07/28/091016,https://x.com/endo1maruhan/status/2081341319310626880
2026-07-27,2026-07-26,機種,SAO,増台機種,増台機種,7,7,3657,https://sloslo-blog.hatenablog.com/entry/2026/07/28/091016,https://x.com/endo1maruhan/status/2081341319310626880
2026-07-27,2026-07-26,機種,からくり2,27日,27日→27台機種,18,27,3659,https://sloslo-blog.hatenablog.com/entry/2026/07/28/091016,https://x.com/endo1maruhan/status/2081341319310626880
2026-07-27,2026-07-26,機種,からくり2,からし,からし→からサー→からくり,18,27,3659,https://sloslo-blog.hatenablog.com/entry/2026/07/28/091016,https://x.com/endo1maruhan/status/2081341319310626880
2026-07-27,2026-07-26,機種,アバサー,お腹いっぱい,お腹いっぱい→まんぷくぅ→ぷくぅ,2,2,1350,https://sloslo-blog.hatenablog.com/entry/2026/07/28/091016,https://x.com/endo1maruhan/status/2081341319310626880
2026-07-27,2026-07-26,機種,グランベルム,とんかつ,とんかつ→トンカツマン,1,2,1900,https://sloslo-blog.hatenablog.com/entry/2026/07/28/091016,https://x.com/endo1maruhan/status/2081341319310626880
2026-07-27,2026-07-26,機種,サンダーV,呼び出し番号123,呼び出し番号123→123だーさんだー,2,4,325,https://sloslo-blog.hatenablog.com/entry/2026/07/28/091016,https://x.com/endo1maruhan/status/2081341319310626880
2026-07-27,2026-07-26,機種,ハッピー,7にまつわる,7にまつわる→7台機種,6,7,2229,https://sloslo-blog.hatenablog.com/entry/2026/07/28/091016,https://x.com/endo1maruhan/status/2081341319310626880
2026-07-27,2026-07-26,機種,ハッピー,増台機種,増台機種,6,7,2229,https://sloslo-blog.hatenablog.com/entry/2026/07/28/091016,https://x.com/endo1maruhan/status/2081341319310626880
2026-07-27,2026-07-26,機種,北斗転生2,7にまつわる,7にまつわる→7台機種,4,7,2686,https://sloslo-blog.hatenablog.com/entry/2026/07/28/091016,https://x.com/endo1maruhan/status/2081341319310626880
2026-07-27,2026-07-26,機種,戦国乙女4,とんかつ５切れ,とんかつ５切れ→5台機種,1,5,-1460,https://sloslo-blog.hatenablog.com/entry/2026/07/28/091016,https://x.com/endo1maruhan/status/2081341319310626880
2026-07-27,2026-07-26,機種,戦国乙女4,白米,白米→シロ→戦国乙女,1,5,-1460,https://sloslo-blog.hatenablog.com/entry/2026/07/28/091016,https://x.com/endo1maruhan/status/2081341319310626880
2026-07-28,2026-07-27,機種,ToLOVEる,ガツンと,ガツンと→ガツンとみかん→みかん,2,4,3250,https://sloslo-blog.hatenablog.com/entry/2026/07/29/072809,https://x.com/endo1maruhan/status/2081703694681424320
2026-07-28,2026-07-27,機種,ひぐらし,28日,28日→28→にぱー,,,,https://sloslo-blog.hatenablog.com/entry/2026/07/29/072809,https://x.com/endo1maruhan/status/2081703694681424320
2026-07-28,2026-07-27,機種,ひぐらし,竜宮レナ誕生日,竜宮レナ誕生日,,,,https://sloslo-blog.hatenablog.com/entry/2026/07/29/072809,https://x.com/endo1maruhan/status/2081703694681424320
2026-07-28,2026-07-27,機種,マイジャグV,バチバチくん,バチバチくん→トラ柄→とらっぴ,46,48,3112,https://sloslo-blog.hatenablog.com/entry/2026/07/29/072809,https://x.com/endo1maruhan/status/2081703694681424320
2026-07-28,2026-07-27,機種,北斗,ガツンと,ガツンと→ガツンとみかん→みかん→剛掌波,8,8,3225,https://sloslo-blog.hatenablog.com/entry/2026/07/29/072809,https://x.com/endo1maruhan/status/2081703694681424320
2026-07-28,2026-07-27,機種,北斗,旨味,旨味→馬→黒王号,8,8,3225,https://sloslo-blog.hatenablog.com/entry/2026/07/29/072809,https://x.com/endo1maruhan/status/2081703694681424320
2026-07-29,2026-07-28,機種,Sこのすば,水,水→アクア,3,3,3733,https://sloslo-blog.hatenablog.com/entry/2026/07/30/073259,https://x.com/endo1maruhan/status/2082066338110132650
2026-07-29,2026-07-28,機種,Sこのすば,福神漬け,福神漬け→福,3,3,3733,https://sloslo-blog.hatenablog.com/entry/2026/07/30/073259,https://x.com/endo1maruhan/status/2082066338110132650
2026-07-29,2026-07-28,機種,Sこのすば,キャベツ,キャベツ,3,3,3733,https://sloslo-blog.hatenablog.com/entry/2026/07/30/073259,https://x.com/endo1maruhan/status/2082066338110132650
2026-07-29,2026-07-28,機種,キンハナ,金沢,金沢→金→キン,12,14,2636,https://sloslo-blog.hatenablog.com/entry/2026/07/30/073259,https://x.com/endo1maruhan/status/2082066338110132650
2026-07-29,2026-07-28,機種,キンハナ,8.7公開,8.7公開→ハナ,12,14,2636,https://sloslo-blog.hatenablog.com/entry/2026/07/30/073259,https://x.com/endo1maruhan/status/2082066338110132650
2026-07-29,2026-07-28,機種,ハッピー,福神漬け,福神漬け→福,6,7,2629,https://sloslo-blog.hatenablog.com/entry/2026/07/30/073259,https://x.com/endo1maruhan/status/2082066338110132650
2026-07-29,2026-07-28,機種,真打吉宗,ミニオンズ,ミニオンズ→主要キャラ：エド→江戸,5,12,533,https://sloslo-blog.hatenablog.com/entry/2026/07/30/073259,https://x.com/endo1maruhan/status/2082066338110132650
2026-07-30,2026-07-29,機種,ToLOVEる,秋葉原といえば,秋葉原といえば,1,4,-875,https://sloslo-blog.hatenablog.com/entry/2026/07/31/072550,https://x.com/endo1maruhan/status/2082428575844798706
2026-07-30,2026-07-29,機種,いざ番長,メーカー,メーカー→カー→車→車3つで,2,4,2300,https://sloslo-blog.hatenablog.com/entry/2026/07/31/072550,https://x.com/endo1maruhan/status/2082428575844798706
2026-07-30,2026-07-29,機種,マギレコ,イカ天,イカ天→イカした10→10台,9,10,5630,https://sloslo-blog.hatenablog.com/entry/2026/07/31/072550,https://x.com/endo1maruhan/status/2082428575844798706
2026-07-30,2026-07-29,機種,マギレコ,秋葉原といえば,秋葉原といえば,9,10,5630,https://sloslo-blog.hatenablog.com/entry/2026/07/31/072550,https://x.com/endo1maruhan/status/2082428575844798706
2026-07-30,2026-07-29,機種,リゼロ2,汁なし,汁なし→ゼロ,,,,https://sloslo-blog.hatenablog.com/entry/2026/07/31/072550,https://x.com/endo1maruhan/status/2082428575844798706
2026-07-31,2026-07-30,機種,ToLOVEる,熱中症,熱中症→チュウ→キス→ときめきスイート,4,4,8750,https://sloslo-blog.hatenablog.com/entry/2026/08/01/073239,https://x.com/endo1maruhan/status/2082790908739612811
2026-07-31,2026-07-30,機種,ToLOVEる,花園神社,花園神社→花園→ハーレム,4,4,8750,https://sloslo-blog.hatenablog.com/entry/2026/08/01/073239,https://x.com/endo1maruhan/status/2082790908739612811
2026-07-31,2026-07-30,機種,アレックス,鶏肉,鶏肉→とり→アレックス,3,4,1700,https://sloslo-blog.hatenablog.com/entry/2026/08/01/073239,https://x.com/endo1maruhan/status/2082790908739612811
2026-07-31,2026-07-30,機種,スタハナ,親子とじ,親子とじ→たまねぎ→オニオン,3,3,3067,https://sloslo-blog.hatenablog.com/entry/2026/08/01/073239,https://x.com/endo1maruhan/status/2082790908739612811
2026-07-31,2026-07-30,機種,ゾンサガ,鶏肉,鶏肉→とり→とり放題,,,,https://sloslo-blog.hatenablog.com/entry/2026/08/01/073239,https://x.com/endo1maruhan/status/2082790908739612811
2026-07-31,2026-07-30,機種,ファンキー2,7/31,7/31→蓄音機の日→ニッパー犬→犬🐶,32,32,3222,https://sloslo-blog.hatenablog.com/entry/2026/08/01/073239,https://x.com/endo1maruhan/status/2082790908739612811
2026-07-31,2026-07-30,機種,ファンキー2,7/31,7/31→①→ワン🐶,32,32,3222,https://sloslo-blog.hatenablog.com/entry/2026/08/01/073239,https://x.com/endo1maruhan/status/2082790908739612811
2026-07-31,2026-07-30,機種,北斗,帰り道,帰り道→帰り道は遠回りしたくなる→西野七瀬→北斗7星,7,8,1838,https://sloslo-blog.hatenablog.com/entry/2026/08/01/073239,https://x.com/endo1maruhan/status/2082790908739612811
2026-07-31,2026-07-30,機種,北斗,商売繁盛,商売繁盛→えびす様→七福神→北斗7星,7,8,1838,https://sloslo-blog.hatenablog.com/entry/2026/08/01/073239,https://x.com/endo1maruhan/status/2082790908739612811
2026-07-31,2026-07-30,機種,吉宗,月末,月末→松,,,,https://sloslo-blog.hatenablog.com/entry/2026/08/01/073239,https://x.com/endo1maruhan/status/2082790908739612811
2026-07-31,2026-07-30,機種,戦国乙女4,月末,月末→終わり→尾張,3,5,3800,https://sloslo-blog.hatenablog.com/entry/2026/08/01/073239,https://x.com/endo1maruhan/status/2082790908739612811
2026-07-31,2026-07-30,機種,防振り,画像縦型,画像縦型→縦→盾,3,5,660,https://sloslo-blog.hatenablog.com/entry/2026/08/01/073239,https://x.com/endo1maruhan/status/2082790908739612811
2026-08-01,2026-07-31,機種,Lハナビ,8/1,8/1→花火の日,3,5,500,https://sloslo-blog.hatenablog.com/entry/2026/08/02/073224,https://x.com/endo1maruhan/status/2083153244734513399
2026-08-01,2026-07-31,機種,Sこのすば,8/1,8/1→アクア誕生日,3,3,3767,https://sloslo-blog.hatenablog.com/entry/2026/08/02/073224,https://x.com/endo1maruhan/status/2083153244734513399
2026-08-01,2026-07-31,機種,Sこのすば,水,水→アクア,3,3,3767,https://sloslo-blog.hatenablog.com/entry/2026/08/02/073224,https://x.com/endo1maruhan/status/2083153244734513399
2026-08-01,2026-07-31,機種,ジャグラーガールズ,一蘭,一蘭→コナンの毛利蘭→ガール,6,6,2500,https://sloslo-blog.hatenablog.com/entry/2026/08/02/073224,https://x.com/endo1maruhan/status/2083153244734513399
2026-08-01,2026-07-31,機種,ハッピー,一蘭,一蘭→この一滴が最高の喜びです→喜び→ハッピー,6,7,2629,https://sloslo-blog.hatenablog.com/entry/2026/08/02/073224,https://x.com/endo1maruhan/status/2083153244734513399
2026-08-01,2026-07-31,機種,モンハンライズ,チャーシュー,チャーシュー→肉,6,8,2050,https://sloslo-blog.hatenablog.com/entry/2026/08/02/073224,https://x.com/endo1maruhan/status/2083153244734513399
2026-08-01,2026-07-31,機種,北斗,味集中カウンター,味集中カウンター→北斗カウンタ,8,8,3475,https://sloslo-blog.hatenablog.com/entry/2026/08/02/073224,https://x.com/endo1maruhan/status/2083153244734513399
2026-08-01,2026-07-31,機種,北斗,8/1,8/1→マリンちゃんBD→リン,8,8,3475,https://sloslo-blog.hatenablog.com/entry/2026/08/02/073224,https://x.com/endo1maruhan/status/2083153244734513399
2026-08-01,2026-07-31,機種,北斗転生2,赤ペン,赤ペン→赤ペン先生→進研ゼミー→神拳バトル,3,7,1986,https://sloslo-blog.hatenablog.com/entry/2026/08/02/073224,https://x.com/endo1maruhan/status/2083153244734513399
2026-08-01,2026-07-31,機種,北斗転生2,賜り,賜り→たまわり→玉われるやつ,3,7,1986,https://sloslo-blog.hatenablog.com/entry/2026/08/02/073224,https://x.com/endo1maruhan/status/2083153244734513399
2026-08-01,2026-07-31,機種,番長ZERO,お忘れなく,お忘れなく→お忘れゼロ,,,,https://sloslo-blog.hatenablog.com/entry/2026/08/02/073224,https://x.com/endo1maruhan/status/2083153244734513399
2026-08-01,2026-07-31,機種,真打吉宗,白米,白米→米将軍→吉宗,8,12,3600,https://sloslo-blog.hatenablog.com/entry/2026/08/02/073224,https://x.com/endo1maruhan/status/2083153244734513399
2026-08-02,2026-08-01,機種,SAO,オフこそオン,オフこそオン→スイッチ,,,,https://sloslo-blog.hatenablog.com/entry/2026/08/03/070218,https://x.com/endo1maruhan/status/2083515664250388809
2026-08-02,2026-08-01,機種,ToLOVEる,ロードバイカー,ロードバイカー→ロード→虎舞竜（トラ柄）,,,,https://sloslo-blog.hatenablog.com/entry/2026/08/03/070218,https://x.com/endo1maruhan/status/2083515664250388809
2026-08-02,2026-08-01,機種,からくり,サンデー,サンデー→サンデー連載,,,,https://sloslo-blog.hatenablog.com/entry/2026/08/03/070218,https://x.com/endo1maruhan/status/2083515664250388809
2026-08-02,2026-08-01,機種,アレックス,チキン,チキン→鳥,,,,https://sloslo-blog.hatenablog.com/entry/2026/08/03/070218,https://x.com/endo1maruhan/status/2083515664250388809
2026-08-02,2026-08-01,機種,グランベルム,丸いせんべい,丸いせんべい→満月,,,,https://sloslo-blog.hatenablog.com/entry/2026/08/03/070218,https://x.com/endo1maruhan/status/2083515664250388809
2026-08-02,2026-08-01,機種,ゴージャグ3,自転車,自転車→サイクリング→サイ,,,,https://sloslo-blog.hatenablog.com/entry/2026/08/03/070218,https://x.com/endo1maruhan/status/2083515664250388809
2026-08-02,2026-08-01,機種,不二子,8/2,8/2→ハニーの日→ハニー,,,,https://sloslo-blog.hatenablog.com/entry/2026/08/03/070218,https://x.com/endo1maruhan/status/2083515664250388809
2026-08-02,2026-08-01,機種,不二子,自転車,自転車→銭形,,,,https://sloslo-blog.hatenablog.com/entry/2026/08/03/070218,https://x.com/endo1maruhan/status/2083515664250388809
2026-08-02,2026-08-01,機種,番長ZERO,糖質０g,糖質０g→ゼロ,,,,https://sloslo-blog.hatenablog.com/entry/2026/08/03/070218,https://x.com/endo1maruhan/status/2083515664250388809
2026-08-03,2026-08-02,機種,SBJ,減台機種,減台機種,4,5,2360,https://sloslo-blog.hatenablog.com/entry/2026/08/04/080144,https://x.com/endo1maruhan/status/2083877980888264869
2026-08-03,2026-08-02,機種,SBJ,山佐の日,山佐の日,4,5,2360,https://sloslo-blog.hatenablog.com/entry/2026/08/04/080144,https://x.com/endo1maruhan/status/2083877980888264869
2026-08-03,2026-08-02,機種,SBJ,コク旨,コク旨→コク→黒,4,5,2360,https://sloslo-blog.hatenablog.com/entry/2026/08/04/080144,https://x.com/endo1maruhan/status/2083877980888264869
2026-08-03,2026-08-02,機種,ToLOVEる,8/3,8/3→8(ヤ)3(ミ)→ヤミ,2,4,5325,https://sloslo-blog.hatenablog.com/entry/2026/08/04/080144,https://x.com/endo1maruhan/status/2083877980888264869
2026-08-03,2026-08-02,機種,ToLOVEる,深夜,深夜→ダークネス,2,4,5325,https://sloslo-blog.hatenablog.com/entry/2026/08/04/080144,https://x.com/endo1maruhan/status/2083877980888264869
2026-08-03,2026-08-02,機種,アズレン,減台機種,減台機種,,,,https://sloslo-blog.hatenablog.com/entry/2026/08/04/080144,https://x.com/endo1maruhan/status/2083877980888264869
2026-08-03,2026-08-02,機種,アズレン,フロアマップ,フロアマップ→アマ→海女→海,,,,https://sloslo-blog.hatenablog.com/entry/2026/08/04/080144,https://x.com/endo1maruhan/status/2083877980888264869
2026-08-03,2026-08-02,機種,サンダーV,減台機種,減台機種,3,3,1500,https://sloslo-blog.hatenablog.com/entry/2026/08/04/080144,https://x.com/endo1maruhan/status/2083877980888264869
2026-08-03,2026-08-02,機種,サンダーV,8/3,8/3→3,3,3,1500,https://sloslo-blog.hatenablog.com/entry/2026/08/04/080144,https://x.com/endo1maruhan/status/2083877980888264869
2026-08-03,2026-08-02,機種,シャーマンキング,減台機種,減台機種,,,,https://sloslo-blog.hatenablog.com/entry/2026/08/04/080144,https://x.com/endo1maruhan/status/2083877980888264869
2026-08-03,2026-08-02,機種,シャーマンキング,おろし生姜,おろし生姜→おろし→鬼おろし→小鬼,,,,https://sloslo-blog.hatenablog.com/entry/2026/08/04/080144,https://x.com/endo1maruhan/status/2083877980888264869
2026-08-03,2026-08-02,機種,ジャグラーガールズ,リコリコ増台,リコリコ増台→ガールズ,3,6,1600,https://sloslo-blog.hatenablog.com/entry/2026/08/04/080144,https://x.com/endo1maruhan/status/2083877980888264869
2026-08-03,2026-08-02,機種,ジャグラーガールズ,入替ポスターに女性キャラ達,入替ポスターに女性キャラ達,3,6,1600,https://sloslo-blog.hatenablog.com/entry/2026/08/04/080144,https://x.com/endo1maruhan/status/2083877980888264869
2026-08-03,2026-08-02,機種,マギレコ,減台機種,減台機種,4,5,4260,https://sloslo-blog.hatenablog.com/entry/2026/08/04/080144,https://x.com/endo1maruhan/status/2083877980888264869
2026-08-03,2026-08-02,機種,マギレコ,深夜,深夜→夜→ワルプルギスの夜,4,5,4260,https://sloslo-blog.hatenablog.com/entry/2026/08/04/080144,https://x.com/endo1maruhan/status/2083877980888264869
2026-08-03,2026-08-02,機種,ミスタージャグラー,コク旨,コク旨→コク→黒,5,5,1320,https://sloslo-blog.hatenablog.com/entry/2026/08/04/080144,https://x.com/endo1maruhan/status/2083877980888264869
2026-08-03,2026-08-02,機種,虚構推理,減台機種,減台機種,,,,https://sloslo-blog.hatenablog.com/entry/2026/08/04/080144,https://x.com/endo1maruhan/status/2083877980888264869
2026-08-03,2026-08-02,機種,虚構推理,8月3日,8月3日→ハサミの日→サンド目,,,,https://sloslo-blog.hatenablog.com/entry/2026/08/04/080144,https://x.com/endo1maruhan/status/2083877980888264869
2026-08-04,2026-08-03,機種,かぐや様,花火,花火→花火の音は聞こえない（連続演出）,8,9,3922,https://sloslo-blog.hatenablog.com/entry/2026/08/05/072604,https://x.com/endo1maruhan/status/2084240492141916441
2026-08-04,2026-08-03,機種,ひぐらし,長岡まつり,長岡まつり→ひぐらし祭,,,,https://sloslo-blog.hatenablog.com/entry/2026/08/05/072604,https://x.com/endo1maruhan/status/2084240492141916441
2026-08-04,2026-08-03,機種,シェイク,スパイス,スパイス→スパイシー,2,3,2200,https://sloslo-blog.hatenablog.com/entry/2026/08/05/072604,https://x.com/endo1maruhan/status/2084240492141916441
2026-08-04,2026-08-03,機種,スタハナ,歌舞伎町タワーの1階と2階のSTARBUCKS,歌舞伎町タワーの1階と2階のSTARBUCKS→スター,3,3,2000,https://sloslo-blog.hatenablog.com/entry/2026/08/05/072604,https://x.com/endo1maruhan/status/2084240492141916441
2026-08-04,2026-08-03,機種,七つ魔,歌舞伎町,歌舞伎町→ブキ→武器→剣,,,,https://sloslo-blog.hatenablog.com/entry/2026/08/05/072604,https://x.com/endo1maruhan/status/2084240492141916441
2026-08-04,2026-08-03,機種,南国育ち,KABUKICHO,KABUKICHO→CHO→蝶,3,3,4767,https://sloslo-blog.hatenablog.com/entry/2026/08/05/072604,https://x.com/endo1maruhan/status/2084240492141916441
2026-08-05,2026-08-04,機種,Lハナビ,遅れた,遅れた→遅れ,4,4,3650,https://sloslo-blog.hatenablog.com/entry/2026/08/06/072256,https://x.com/endo1maruhan/status/2084602804044439865
2026-08-05,2026-08-04,機種,Lハナビ,氷菓子,氷菓子→氷→ハナビ,4,4,3650,https://sloslo-blog.hatenablog.com/entry/2026/08/06/072256,https://x.com/endo1maruhan/status/2084602804044439865
2026-08-05,2026-08-04,機種,ゾンサガ,チキン,チキン→鳥放題,,,,https://sloslo-blog.hatenablog.com/entry/2026/08/06/072256,https://x.com/endo1maruhan/status/2084602804044439865
2026-08-05,2026-08-04,機種,ハッピー,2個増量,2個増量→2台増台機種,7,7,3757,https://sloslo-blog.hatenablog.com/entry/2026/08/06/072256,https://x.com/endo1maruhan/status/2084602804044439865
2026-08-05,2026-08-04,機種,防振り,スイカバー,スイカバー→バー→棒→ボウ,,,,https://sloslo-blog.hatenablog.com/entry/2026/08/06/072256,https://x.com/endo1maruhan/status/2084602804044439865
2026-08-05,2026-08-04,機種,防振り,キーボード,キーボード→板→いた→痛いのは嫌なので…,,,,https://sloslo-blog.hatenablog.com/entry/2026/08/06/072256,https://x.com/endo1maruhan/status/2084602804044439865
2026-08-06,2026-08-05,末尾・設置・記念日など,アナザー末尾②,レディオアノット2,レディオアノット2,17,18,2400,https://sloslo-blog.hatenablog.com/entry/2026/08/07/073803,https://x.com/endo1maruhan/status/2084965165322420693
2026-08-06,2026-08-05,機種,ウルミラ,汝、星のごとく,汝、星のごとく→⭐️,5,5,2840,https://sloslo-blog.hatenablog.com/entry/2026/08/07/073803,https://x.com/endo1maruhan/status/2084965165322420693
2026-08-06,2026-08-05,機種,ギアスC.C.,キングダム,キングダム→王国・国家,,,,https://sloslo-blog.hatenablog.com/entry/2026/08/07/073803,https://x.com/endo1maruhan/status/2084965165322420693
2026-08-06,2026-08-05,機種,ゴッドイーター,後ろ髪,後ろ髪→神,10,13,6608,https://sloslo-blog.hatenablog.com/entry/2026/08/07/073803,https://x.com/endo1maruhan/status/2084965165322420693
2026-08-06,2026-08-05,機種,ファンキー2,一旦,一旦→ワン🐶,31,32,3406,https://sloslo-blog.hatenablog.com/entry/2026/08/07/073803,https://x.com/endo1maruhan/status/2084965165322420693
2026-08-06,2026-08-05,機種,化物語,５秒で完全犯罪,５秒で完全犯罪→サスペンス,3,3,2367,https://sloslo-blog.hatenablog.com/entry/2026/08/07/073803,https://x.com/endo1maruhan/status/2084965165322420693
2026-08-06,2026-08-05,機種,北斗,リンガーハット,リンガーハット→リン,8,8,2212,https://sloslo-blog.hatenablog.com/entry/2026/08/07/073803,https://x.com/endo1maruhan/status/2084965165322420693
2026-08-06,2026-08-05,機種,戦コレ6,キングダム,キングダム→戦国,5,7,3757,https://sloslo-blog.hatenablog.com/entry/2026/08/07/073803,https://x.com/endo1maruhan/status/2084965165322420693
2026-08-06,2026-08-05,機種,番長ZERO,？,？,,,,https://sloslo-blog.hatenablog.com/entry/2026/08/07/073803,https://x.com/endo1maruhan/status/2084965165322420693
2026-08-06,2026-08-05,機種,虚構推理,５秒で完全犯罪,５秒で完全犯罪→サスペンス,,,,https://sloslo-blog.hatenablog.com/entry/2026/08/07/073803,https://x.com/endo1maruhan/status/2084965165322420693
2026-08-07,2026-08-06,機種,SAO,7の日,7の日→7台機種→SAO,7,7,3957,https://sloslo-blog.hatenablog.com/entry/2026/08/08/091559,https://x.com/endo1maruhan/status/2085327944176849318
2026-08-07,2026-08-06,機種,アズレン,昨日行けなかった,昨日行けなかった→後悔→航海→アズレン,,,,https://sloslo-blog.hatenablog.com/entry/2026/08/08/091559,https://x.com/endo1maruhan/status/2085327944176849318
2026-08-07,2026-08-06,機種,アレックス,緊張,緊張→金鳥→鳥→アレックス,3,4,1550,https://sloslo-blog.hatenablog.com/entry/2026/08/08/091559,https://x.com/endo1maruhan/status/2085327944176849318
2026-08-07,2026-08-06,機種,キンハナ,8/7,8/7→ハナの日→ハナハナ,14,14,3143,https://sloslo-blog.hatenablog.com/entry/2026/08/08/091559,https://x.com/endo1maruhan/status/2085327944176849318
2026-08-07,2026-08-06,機種,キンハナ,緊張,緊張→金鳥→キン→キンハナ,14,14,3143,https://sloslo-blog.hatenablog.com/entry/2026/08/08/091559,https://x.com/endo1maruhan/status/2085327944176849318
2026-08-07,2026-08-06,機種,ゴージャグ3,配合,配合→はいGO→ゴージャグ,21,22,2059,https://sloslo-blog.hatenablog.com/entry/2026/08/08/091559,https://x.com/endo1maruhan/status/2085327944176849318
2026-08-07,2026-08-06,機種,ゴージャグ3,20:31🦏,20:31🦏→サイ→ゴーゴー,21,22,2059,https://sloslo-blog.hatenablog.com/entry/2026/08/08/091559,https://x.com/endo1maruhan/status/2085327944176849318
2026-08-07,2026-08-06,機種,シャーマンキング,漂う,漂う→漂ヒョウ→キングダム→キング→シャーマンキング,,,,https://sloslo-blog.hatenablog.com/entry/2026/08/08/091559,https://x.com/endo1maruhan/status/2085327944176849318
2026-08-07,2026-08-06,機種,バイオRE:2,レジ袋にバイオの文字,レジ袋にバイオの文字→バイオRE:2,,,,https://sloslo-blog.hatenablog.com/entry/2026/08/08/091559,https://x.com/endo1maruhan/status/2085327944176849318
2026-08-07,2026-08-06,機種,ミリオンゴッド,試験官,試験官→ジャッジメント→ハーデス→ゴッド,18,28,3436,https://sloslo-blog.hatenablog.com/entry/2026/08/08/091559,https://x.com/endo1maruhan/status/2085327944176849318
2026-08-07,2026-08-06,機種,七つ魔,7にまつわる機種,7にまつわる機種→七つ魔剣,,,,https://sloslo-blog.hatenablog.com/entry/2026/08/08/091559,https://x.com/endo1maruhan/status/2085327944176849318
2026-08-08,2026-08-07,機種,SBJ,超山佐デー,超山佐デー→山佐,3,5,4760,https://sloslo-blog.hatenablog.com/entry/2026/08/09/080009,https://x.com/endo1maruhan/status/2085689979339166179
2026-08-08,2026-08-07,機種,ToLOVEる,8/8キャラ誕,8/8キャラ誕→モモ＆ナナ🎂,3,4,500,https://sloslo-blog.hatenablog.com/entry/2026/08/09/080009,https://x.com/endo1maruhan/status/2085689979339166179
2026-08-08,2026-08-07,機種,ケロット5,超山佐デー,超山佐デー→山佐,3,3,1833,https://sloslo-blog.hatenablog.com/entry/2026/08/09/080009,https://x.com/endo1maruhan/status/2085689979339166179
2026-08-08,2026-08-07,機種,ニューキンハナ,新大久保,新大久保→新,5,5,2040,https://sloslo-blog.hatenablog.com/entry/2026/08/09/080009,https://x.com/endo1maruhan/status/2085689979339166179
2026-08-08,2026-08-07,機種,ハイパーラッシュ,超山佐デー,超山佐デー→山佐,,,,https://sloslo-blog.hatenablog.com/entry/2026/08/09/080009,https://x.com/endo1maruhan/status/2085689979339166179
2026-08-08,2026-08-07,機種,リオエース2,超山佐デー,超山佐デー→山佐,3,3,6767,https://sloslo-blog.hatenablog.com/entry/2026/08/09/080009,https://x.com/endo1maruhan/status/2085689979339166179
2026-08-08,2026-08-07,機種,防振り,にゃんまるが蜂（令和パチ年）,にゃんまるが蜂（令和パチ年）→ハチミツ→メープル,,,,https://sloslo-blog.hatenablog.com/entry/2026/08/09/080009,https://x.com/endo1maruhan/status/2085689979339166179
2026-08-09,2026-08-08,機種,DMC5,くら寿司,くら寿司→くら→デビルメイクライ,,,,https://sloslo-blog.hatenablog.com/entry/2026/08/10/092307,https://x.com/endo1maruhan/status/2086052362482069757
2026-08-09,2026-08-08,機種,アイム,感激,感激→ヒデキ感激→西城→サイ→つのっち→アイム系,5,5,,https://sloslo-blog.hatenablog.com/entry/2026/08/10/092307,https://x.com/endo1maruhan/status/2086052362482069757
2026-08-09,2026-08-08,機種,アイム,寿司皿5枚,寿司皿5枚→5台機種,5,5,,https://sloslo-blog.hatenablog.com/entry/2026/08/10/092307,https://x.com/endo1maruhan/status/2086052362482069757
2026-08-09,2026-08-08,機種,アバサー,お魚さん,お魚さん→アバサー,,,,https://sloslo-blog.hatenablog.com/entry/2026/08/10/092307,https://x.com/endo1maruhan/status/2086052362482069757
2026-08-09,2026-08-08,機種,ウルミラ,申し訳,申し訳→モーしわけ→モー🐮→牛→ベコたん→ミラクル,5,5,,https://sloslo-blog.hatenablog.com/entry/2026/08/10/092307,https://x.com/endo1maruhan/status/2086052362482069757
2026-08-09,2026-08-08,機種,ウルミラ,寿司皿5枚,寿司皿5枚→5台機種,5,5,,https://sloslo-blog.hatenablog.com/entry/2026/08/10/092307,https://x.com/endo1maruhan/status/2086052362482069757
2026-08-09,2026-08-08,機種,サンダーV,サンデー,サンデー→サンダー,1,3,,https://sloslo-blog.hatenablog.com/entry/2026/08/10/092307,https://x.com/endo1maruhan/status/2086052362482069757
2026-08-09,2026-08-08,機種,ハイパーラッシュ,整理券81番,整理券81番→81→ハイ→ハイパラ,,,,https://sloslo-blog.hatenablog.com/entry/2026/08/10/092307,https://x.com/endo1maruhan/status/2086052362482069757
2026-08-09,2026-08-08,機種,ハードボイルド,ボイルエビ,ボイルエビ→ハードボイルド,,,,https://sloslo-blog.hatenablog.com/entry/2026/08/10/092307,https://x.com/endo1maruhan/status/2086052362482069757
2026-08-09,2026-08-08,機種,ミスタージャグラー,マヨコーン,マヨコーン→コーン🦊→ミスター,5,5,,https://sloslo-blog.hatenablog.com/entry/2026/08/10/092307,https://x.com/endo1maruhan/status/2086052362482069757
2026-08-09,2026-08-08,機種,ミスタージャグラー,寿司皿5枚,寿司皿5枚→5台機種,5,5,,https://sloslo-blog.hatenablog.com/entry/2026/08/10/092307,https://x.com/endo1maruhan/status/2086052362482069757
2026-08-09,2026-08-08,機種,モンハンライズ,モンスター,モンスター→モンハン,3,8,,https://sloslo-blog.hatenablog.com/entry/2026/08/10/092307,https://x.com/endo1maruhan/status/2086052362482069757
2026-08-09,2026-08-08,機種,モンハンライズ,ミニオンズ,ミニオンズ→最強最悪の主に仕えることを生きがい→ティラノサウルス→モンハン,3,8,,https://sloslo-blog.hatenablog.com/entry/2026/08/10/092307,https://x.com/endo1maruhan/status/2086052362482069757
2026-08-10,2026-08-09,機種,アイム,やよい軒,やよい軒→おかわり無料→2日連続,3,5,2100,https://sloslo-blog.hatenablog.com/entry/2026/08/11/080509,https://x.com/endo1maruhan/status/2086414719863136337
2026-08-10,2026-08-09,機種,アイム,蚊に5か所,蚊に5か所→5台設置,3,5,2100,https://sloslo-blog.hatenablog.com/entry/2026/08/11/080509,https://x.com/endo1maruhan/status/2086414719863136337
2026-08-10,2026-08-09,機種,アイム,最中,最中→サイ中→つのっち,3,5,2100,https://sloslo-blog.hatenablog.com/entry/2026/08/11/080509,https://x.com/endo1maruhan/status/2086414719863136337
2026-08-10,2026-08-09,機種,ウルミラ,やよい軒,やよい軒→おかわり無料→2日連続,5,5,3540,https://sloslo-blog.hatenablog.com/entry/2026/08/11/080509,https://x.com/endo1maruhan/status/2086414719863136337
2026-08-10,2026-08-09,機種,ウルミラ,蚊に5か所,蚊に5か所→5台設置,5,5,3540,https://sloslo-blog.hatenablog.com/entry/2026/08/11/080509,https://x.com/endo1maruhan/status/2086414719863136337
2026-08-10,2026-08-09,機種,ウルミラ,☆,☆→スター,5,5,3540,https://sloslo-blog.hatenablog.com/entry/2026/08/11/080509,https://x.com/endo1maruhan/status/2086414719863136337
2026-08-10,2026-08-09,機種,バイオRE:2,8/10 バイオの日,8/10 バイオの日,,,,https://sloslo-blog.hatenablog.com/entry/2026/08/11/080509,https://x.com/endo1maruhan/status/2086414719863136337
2026-08-10,2026-08-09,機種,ミスタージャグラー,やよい軒,やよい軒→おかわり無料→2日連続,5,5,2680,https://sloslo-blog.hatenablog.com/entry/2026/08/11/080509,https://x.com/endo1maruhan/status/2086414719863136337
2026-08-10,2026-08-09,機種,ミスタージャグラー,蚊に5か所,蚊に5か所→5台設置,5,5,2680,https://sloslo-blog.hatenablog.com/entry/2026/08/11/080509,https://x.com/endo1maruhan/status/2086414719863136337
2026-08-10,2026-08-09,機種,ミスタージャグラー,8/10,8/10→ハットの日,5,5,2680,https://sloslo-blog.hatenablog.com/entry/2026/08/11/080509,https://x.com/endo1maruhan/status/2086414719863136337
2026-08-10,2026-08-09,機種,ヴヴヴ2,やよい軒,やよい軒→や41→41台設置,24,41,2993,https://sloslo-blog.hatenablog.com/entry/2026/08/11/080509,https://x.com/endo1maruhan/status/2086414719863136337
2026-08-10,2026-08-09,機種,化物語,つけもの,つけもの→けもの,3,3,6633,https://sloslo-blog.hatenablog.com/entry/2026/08/11/080509,https://x.com/endo1maruhan/status/2086414719863136337
2026-08-10,2026-08-09,機種,化物語,蚊,蚊→吸血,3,3,6633,https://sloslo-blog.hatenablog.com/entry/2026/08/11/080509,https://x.com/endo1maruhan/status/2086414719863136337
2026-08-11,2026-08-10,機種,Sこのすば,祝日,祝日→祝,2,3,500,https://sloslo-blog.hatenablog.com/entry/2026/08/12/080539,https://x.com/endo1maruhan/status/2086777124766318711
2026-08-11,2026-08-10,機種,ToLOVEる,ラブ上等,ラブ上等→ラブ→ToLOVEる,2,4,6100,https://sloslo-blog.hatenablog.com/entry/2026/08/12/080539,https://x.com/endo1maruhan/status/2086777124766318711
2026-08-11,2026-08-10,機種,かぐや様,ラブ上等,ラブ上等→告白,3,9,1878,https://sloslo-blog.hatenablog.com/entry/2026/08/12/080539,https://x.com/endo1maruhan/status/2086777124766318711
2026-08-11,2026-08-10,機種,ハッピー,祝日,祝日→祝,7,7,2200,https://sloslo-blog.hatenablog.com/entry/2026/08/12/080539,https://x.com/endo1maruhan/status/2086777124766318711
2026-08-11,2026-08-10,機種,北斗転生2,8月11日,8月11日→山の日→山のフドウ,4,7,100,https://sloslo-blog.hatenablog.com/entry/2026/08/12/080539,https://x.com/endo1maruhan/status/2086777124766318711
2026-08-11,2026-08-10,機種,炎炎2,お皿が2枚,お皿が2枚→円円→炎炎,9,12,4650,https://sloslo-blog.hatenablog.com/entry/2026/08/12/080539,https://x.com/endo1maruhan/status/2086777124766318711
2026-08-12,2026-08-11,機種,ToLOVEる,ラブ上等,ラブ上等→ラブ→トラブル,1,4,2150,https://sloslo-blog.hatenablog.com/entry/2026/08/13/074449,https://x.com/endo1maruhan/status/2087139569191866562
2026-08-12,2026-08-11,機種,サンダーV,カーネル・サンダース,カーネル・サンダース→サンダー,2,3,733,https://sloslo-blog.hatenablog.com/entry/2026/08/13/074449,https://x.com/endo1maruhan/status/2087139569191866562
2026-08-12,2026-08-11,機種,スタハナ,にゃっぴー⭐のバッジ,にゃっぴー⭐のバッジ→スター→スタハナ,3,3,2833,https://sloslo-blog.hatenablog.com/entry/2026/08/13/074449,https://x.com/endo1maruhan/status/2087139569191866562
2026-08-12,2026-08-11,機種,ゾンサガ,チキン,チキン→鳥→ゾンサガ,,,,https://sloslo-blog.hatenablog.com/entry/2026/08/13/074449,https://x.com/endo1maruhan/status/2087139569191866562
2026-08-12,2026-08-11,機種,ドッチ,にゃっぴー,にゃっぴー→猫→動物→アニマルドッチ,1,2,1250,https://sloslo-blog.hatenablog.com/entry/2026/08/13/074449,https://x.com/endo1maruhan/status/2087139569191866562
2026-08-12,2026-08-11,機種,ネオアイムEX,ゴールデンニャッピー,ゴールデンニャッピー→新キャラ→ネオ→ネオアイムEX,32,40,1928,https://sloslo-blog.hatenablog.com/entry/2026/08/13/074449,https://x.com/endo1maruhan/status/2087139569191866562
2026-08-13,2026-08-12,機種,アバサー,シーフード,シーフード→アバサー,,,,https://sloslo-blog.hatenablog.com/entry/2026/08/14/073720,https://x.com/endo1maruhan/status/2087501912249897315
2026-08-13,2026-08-12,機種,キンハナ,鉄鍋のジャン,鉄鍋のジャン→連載はチャンピオン→キング→キンハナ,14,14,3000,https://sloslo-blog.hatenablog.com/entry/2026/08/14/073720,https://x.com/endo1maruhan/status/2087501912249897315
2026-08-13,2026-08-12,機種,グランベルム,会議,会議→グランベルム,1,2,300,https://sloslo-blog.hatenablog.com/entry/2026/08/14/073720,https://x.com/endo1maruhan/status/2087501912249897315
2026-08-13,2026-08-12,機種,グランベルム,ガタンゴトン,ガタンゴトン→ゴトン→トン→とんかつマン→グランベルム,1,2,300,https://sloslo-blog.hatenablog.com/entry/2026/08/14/073720,https://x.com/endo1maruhan/status/2087501912249897315
2026-08-13,2026-08-12,機種,ハイパーラッシュ,シーフード,シーフード→シーマスター→テトラリール→ハイパーラッシュ,,,,https://sloslo-blog.hatenablog.com/entry/2026/08/14/073720,https://x.com/endo1maruhan/status/2087501912249897315
2026-08-13,2026-08-12,機種,ハードボイルド,運試し,運試し→ルーレット→ハードボイルド,,,,https://sloslo-blog.hatenablog.com/entry/2026/08/14/073720,https://x.com/endo1maruhan/status/2087501912249897315
2026-08-13,2026-08-12,機種,化物語,会議,会議→怪奇→化物語,3,3,4100,https://sloslo-blog.hatenablog.com/entry/2026/08/14/073720,https://x.com/endo1maruhan/status/2087501912249897315
2026-08-13,2026-08-12,機種,番長ZERO,ガタンゴトン,ガタンゴトン→5t（5トン）→特訓→番長ゼロ,,,,https://sloslo-blog.hatenablog.com/entry/2026/08/14/073720,https://x.com/endo1maruhan/status/2087501912249897315
2026-08-14,2026-08-13,機種,アズレン,東大和,東大和→ヤマト→戦艦,,,,https://sloslo-blog.hatenablog.com/entry/2026/08/15/070514,https://x.com/endo1maruhan/status/2087864292116971556
2026-08-14,2026-08-13,機種,ドラハナ,雨雲レーダー,雨雲レーダー→ドラゴンレーダー,,,,https://sloslo-blog.hatenablog.com/entry/2026/08/15/070514,https://x.com/endo1maruhan/status/2087864292116971556
2026-08-14,2026-08-13,機種,マギレコ,黄身,黄身→君→君は神にでもなるつもりかい,,,,https://sloslo-blog.hatenablog.com/entry/2026/08/15/070514,https://x.com/endo1maruhan/status/2087864292116971556
2026-08-14,2026-08-13,機種,モンハンライズ,どしゃ降り,どしゃ降り→土砂→土砂竜,,,,https://sloslo-blog.hatenablog.com/entry/2026/08/15/070514,https://x.com/endo1maruhan/status/2087864292116971556
2026-08-15,2026-08-14,機種,ゴージャグ3,ハロハロ,ハロハロ→シャインマスカット→マスカット→ファンキー、ハッピー以外のジャグラーから,22,22,2241,https://sloslo-blog.hatenablog.com/entry/2026/08/16/074335,https://x.com/endo1maruhan/status/2088226694356431263
2026-08-15,2026-08-14,機種,ゴージャグ3,ＢＯＮ ＯＤＯＲＩ,ＢＯＮ ＯＤＯＲＩ→祭→サイ→つのっち,22,22,2241,https://sloslo-blog.hatenablog.com/entry/2026/08/16/074335,https://x.com/endo1maruhan/status/2088226694356431263
2026-08-15,2026-08-14,機種,ゴージャグ3,やぐらを囲む,やぐらを囲む→円島を囲むジャグラー(ネオアイムとゴーゴー),22,22,2241,https://sloslo-blog.hatenablog.com/entry/2026/08/16/074335,https://x.com/endo1maruhan/status/2088226694356431263
2026-08-15,2026-08-14,機種,ネオアイムEX,ハロハロ,ハロハロ→シャインマスカット→マスカット→ファンキー、ハッピー以外のジャグラーから,35,40,1932,https://sloslo-blog.hatenablog.com/entry/2026/08/16/074335,https://x.com/endo1maruhan/status/2088226694356431263
2026-08-15,2026-08-14,機種,ネオアイムEX,ＢＯＮ ＯＤＯＲＩ,ＢＯＮ ＯＤＯＲＩ→祭→サイ→つのっち,35,40,1932,https://sloslo-blog.hatenablog.com/entry/2026/08/16/074335,https://x.com/endo1maruhan/status/2088226694356431263
2026-08-15,2026-08-14,機種,ネオアイムEX,やぐらを囲む,やぐらを囲む→円島を囲むジャグラー(ネオアイムとゴーゴー),35,40,1932,https://sloslo-blog.hatenablog.com/entry/2026/08/16/074335,https://x.com/endo1maruhan/status/2088226694356431263
2026-08-15,2026-08-14,機種,北斗,ＢＯＮ ＯＤＯＲＩ,ＢＯＮ ＯＤＯＲＩ→盆→一歩動いたらボン！だ→北斗,8,8,4150,https://sloslo-blog.hatenablog.com/entry/2026/08/16/074335,https://x.com/endo1maruhan/status/2088226694356431263
2026-08-15,2026-08-14,機種,邪神ちゃん,ＢＯＮ ＯＤＯＲＩ,ＢＯＮ ＯＤＯＲＩ→盆→帰省→実家に帰ります→邪神ちゃん,,,,https://sloslo-blog.hatenablog.com/entry/2026/08/16/074335,https://x.com/endo1maruhan/status/2088226694356431263
2026-08-15,2026-08-14,機種,邪神ちゃん,ほっぺたがおちそう,ほっぺたがおちそう→落ちる→ドロップ→邪神ちゃんドロップキック,,,,https://sloslo-blog.hatenablog.com/entry/2026/08/16/074335,https://x.com/endo1maruhan/status/2088226694356431263
2026-08-16,2026-08-15,機種,Lハナビ,お冷に氷,お冷に氷→氷→ハナビ,4,4,3275,https://sloslo-blog.hatenablog.com/entry/2026/08/17/081848,https://x.com/endo1maruhan/status/2088589136966156450
2026-08-16,2026-08-15,機種,いざ番長,たまらん,たまらん→玉らん→玉→いざ番長,3,4,1925,https://sloslo-blog.hatenablog.com/entry/2026/08/17/081848,https://x.com/endo1maruhan/status/2088589136966156450
2026-08-16,2026-08-15,機種,いざ番長,小次郎,小次郎→巌流島→いざ番長,3,4,1925,https://sloslo-blog.hatenablog.com/entry/2026/08/17/081848,https://x.com/endo1maruhan/status/2088589136966156450
2026-08-16,2026-08-15,末尾・設置・記念日など,アナザー末尾⑨,なると,なると→なるとのピンクの部分が9→末尾9,,,,https://sloslo-blog.hatenablog.com/entry/2026/08/17/081848,https://x.com/endo1maruhan/status/2088589136966156450
2026-08-16,2026-08-15,機種,北斗,サンデー,サンデー→青山剛昌→剛掌波→北斗,8,8,2312,https://sloslo-blog.hatenablog.com/entry/2026/08/17/081848,https://x.com/endo1maruhan/status/2088589136966156450
2026-08-17,2026-08-16,機種,SAO,7のつく日,7のつく日→7台設置機種,6,7,3614,https://sloslo-blog.hatenablog.com/entry/2026/08/18/073923,https://x.com/endo1maruhan/status/2088951447673348532
2026-08-17,2026-08-16,機種,SBJ,ゾン100,ゾン100→やりたいこと：医者になる→ブラックジャック,4,5,2620,https://sloslo-blog.hatenablog.com/entry/2026/08/18/073923,https://x.com/endo1maruhan/status/2088951447673348532
2026-08-17,2026-08-16,機種,Sこのすば,50thアニバーサリー,50thアニバーサリー→祝,1,3,500,https://sloslo-blog.hatenablog.com/entry/2026/08/18/073923,https://x.com/endo1maruhan/status/2088951447673348532
2026-08-17,2026-08-16,機種,アレックス,ファミチキ,ファミチキ→鶏,3,4,1175,https://sloslo-blog.hatenablog.com/entry/2026/08/18/073923,https://x.com/endo1maruhan/status/2088951447673348532
2026-08-17,2026-08-16,機種,エウレカART,7にまつわる機種,7にまつわる機種,,,,https://sloslo-blog.hatenablog.com/entry/2026/08/18/073923,https://x.com/endo1maruhan/status/2088951447673348532
2026-08-17,2026-08-16,機種,ファンキー2,売上ナンバーワン,売上ナンバーワン→ワン🐶,32,32,3291,https://sloslo-blog.hatenablog.com/entry/2026/08/18/073923,https://x.com/endo1maruhan/status/2088951447673348532
2026-08-17,2026-08-16,機種,防振り,50thアニバーサリー,50thアニバーサリー→サリー,4,5,3940,https://sloslo-blog.hatenablog.com/entry/2026/08/18/073923,https://x.com/endo1maruhan/status/2088951447673348532
2026-08-18,2026-08-17,機種,ハイパーラッシュ,8の日,8の日→山佐,,,,https://sloslo-blog.hatenablog.com/entry/2026/08/19/071735,https://x.com/endo1maruhan/status/2089313833819238897
2026-08-18,2026-08-17,機種,ファンキー2,2日間連続デスク飯,2日間連続デスク飯→2日間連続,32,32,2838,https://sloslo-blog.hatenablog.com/entry/2026/08/19/071735,https://x.com/endo1maruhan/status/2089313833819238897
2026-08-18,2026-08-17,機種,ファンキー2,7&I プレミアム,7&I プレミアム→I→ワン🐶,32,32,2838,https://sloslo-blog.hatenablog.com/entry/2026/08/19/071735,https://x.com/endo1maruhan/status/2089313833819238897
2026-08-18,2026-08-17,機種,ファンキー2,付箋,付箋→伏線→前日が伏線,32,32,2838,https://sloslo-blog.hatenablog.com/entry/2026/08/19/071735,https://x.com/endo1maruhan/status/2089313833819238897
2026-08-18,2026-08-17,機種,モンキーV,人の波,人の波→波→波多野,13,18,3444,https://sloslo-blog.hatenablog.com/entry/2026/08/19/071735,https://x.com/endo1maruhan/status/2089313833819238897
2026-08-18,2026-08-17,機種,モンキーV,8の日山佐,8の日山佐,13,18,3444,https://sloslo-blog.hatenablog.com/entry/2026/08/19/071735,https://x.com/endo1maruhan/status/2089313833819238897
2026-08-18,2026-08-17,機種,モンキーV,8月18日,8月18日→18日目→18台機種,13,18,3444,https://sloslo-blog.hatenablog.com/entry/2026/08/19/071735,https://x.com/endo1maruhan/status/2089313833819238897
2026-08-19,2026-08-18,機種,ToLOVEる,エキストラ,エキストラ→キス→ときめきスイート,4,4,2450,https://sloslo-blog.hatenablog.com/entry/2026/08/20/074937,https://x.com/endo1maruhan/status/2089676385514315817
2026-08-19,2026-08-18,機種,とんでもスキル,追い飯,追い飯→飯,,,,https://sloslo-blog.hatenablog.com/entry/2026/08/20/074937,https://x.com/endo1maruhan/status/2089676385514315817
2026-08-19,2026-08-18,機種,アバサー,Fishpowder,Fishpowder→魚粉,,,,https://sloslo-blog.hatenablog.com/entry/2026/08/20/074937,https://x.com/endo1maruhan/status/2089676385514315817
2026-08-19,2026-08-18,機種,グランベルム,合同会議,合同会議→会議,1,2,2300,https://sloslo-blog.hatenablog.com/entry/2026/08/20/074937,https://x.com/endo1maruhan/status/2089676385514315817
2026-08-19,2026-08-18,機種,ジャグラーガールズ,ラブ上等,ラブ上等→男女,5,6,1400,https://sloslo-blog.hatenablog.com/entry/2026/08/20/074937,https://x.com/endo1maruhan/status/2089676385514315817
2026-08-19,2026-08-18,機種,ファンキー2,追い飯100円,追い飯100円→ワンコイン→ワンコ🐶,31,32,2816,https://sloslo-blog.hatenablog.com/entry/2026/08/20/074937,https://x.com/endo1maruhan/status/2089676385514315817
2026-08-19,2026-08-18,機種,ファンキー2,埼玉山梨長野,埼玉山梨長野→3県→3犬,31,32,2816,https://sloslo-blog.hatenablog.com/entry/2026/08/20/074937,https://x.com/endo1maruhan/status/2089676385514315817
2026-08-19,2026-08-18,機種,ミスタージャグラー,ラブ上等,ラブ上等→男女,5,5,3220,https://sloslo-blog.hatenablog.com/entry/2026/08/20/074937,https://x.com/endo1maruhan/status/2089676385514315817
2026-08-19,2026-08-18,機種,戦国乙女4,〆の追い飯,〆の追い飯→終わり→尾張,4,5,5440,https://sloslo-blog.hatenablog.com/entry/2026/08/20/074937,https://x.com/endo1maruhan/status/2089676385514315817
2026-08-19,2026-08-18,機種,沖ドキゴージャス,黒コショウ,黒コショウ→黒→ブラック,9,17,476,https://sloslo-blog.hatenablog.com/entry/2026/08/20/074937,https://x.com/endo1maruhan/status/2089676385514315817
2026-08-19,2026-08-18,機種,番長ZERO,油そばの定番（酢）,油そばの定番（酢）→お酢→押忍,,,,https://sloslo-blog.hatenablog.com/entry/2026/08/20/074937,https://x.com/endo1maruhan/status/2089676385514315817
2026-08-20,2026-08-19,機種,ゾンサガ,0の日,0の日→大都機種,,,,https://sloslo-blog.hatenablog.com/entry/2026/08/21/073406,https://x.com/endo1maruhan/status/2090038796486324454
2026-08-20,2026-08-19,機種,ゾンサガ,冷やしゆず鶏,冷やしゆず鶏→鳥→鳥放題,,,,https://sloslo-blog.hatenablog.com/entry/2026/08/21/073406,https://x.com/endo1maruhan/status/2090038796486324454
2026-08-20,2026-08-19,機種,ドッチ,冷やしたぬき,冷やしたぬき→蕎麦なのかうどんなのか？→どっち？,1,2,150,https://sloslo-blog.hatenablog.com/entry/2026/08/21/073406,https://x.com/endo1maruhan/status/2090038796486324454
2026-08-20,2026-08-19,機種,ワールドダイスター,0の日,0の日→大都機種,5,8,2525,https://sloslo-blog.hatenablog.com/entry/2026/08/21/073406,https://x.com/endo1maruhan/status/2090038796486324454
2026-08-20,2026-08-19,機種,ワールドダイスター,うどん8個,うどん8個→8台機種,5,8,2525,https://sloslo-blog.hatenablog.com/entry/2026/08/21/073406,https://x.com/endo1maruhan/status/2090038796486324454
2026-08-20,2026-08-19,機種,北斗,喧々諤々,喧々諤々→けんけんがくがく→ケン、ガクガク,8,8,2862,https://sloslo-blog.hatenablog.com/entry/2026/08/21/073406,https://x.com/endo1maruhan/status/2090038796486324454
2026-08-20,2026-08-19,機種,北斗,うどん8個,うどん8個→8台機種,8,8,2862,https://sloslo-blog.hatenablog.com/entry/2026/08/21/073406,https://x.com/endo1maruhan/status/2090038796486324454
2026-08-21,2026-08-20,機種,SAOⅡ,キャラ誕,キャラ誕→シノン🎂,,,,https://sloslo-blog.hatenablog.com/entry/2026/08/22/070007,https://x.com/endo1maruhan/status/2090400999248904514
2026-08-21,2026-08-20,機種,アレックス,鶴,鶴→鳥,,,,https://sloslo-blog.hatenablog.com/entry/2026/08/22/070007,https://x.com/endo1maruhan/status/2090400999248904514
2026-08-21,2026-08-20,機種,ストⅥ,つるかめ,つるかめ→カメハメ波→波動拳,,,,https://sloslo-blog.hatenablog.com/entry/2026/08/22/070007,https://x.com/endo1maruhan/status/2090400999248904514
2026-08-21,2026-08-20,機種,ドラハナ,つるかめ,つるかめ→仙人→ドラゴンボール,,,,https://sloslo-blog.hatenablog.com/entry/2026/08/22/070007,https://x.com/endo1maruhan/status/2090400999248904514
2026-08-21,2026-08-20,機種,ハッピー,つるかめ食堂,つるかめ食堂→鶴は千年亀は万年→長寿と幸福を祝う言葉,,,,https://sloslo-blog.hatenablog.com/entry/2026/08/22/070007,https://x.com/endo1maruhan/status/2090400999248904514
2026-08-21,2026-08-20,機種,ファンキー2,ファン感,ファン感→ファンキー,,,,https://sloslo-blog.hatenablog.com/entry/2026/08/22/070007,https://x.com/endo1maruhan/status/2090400999248904514
2026-08-21,2026-08-20,機種,ファンキー2,たくわん,たくわん→ワン🐶,,,,https://sloslo-blog.hatenablog.com/entry/2026/08/22/070007,https://x.com/endo1maruhan/status/2090400999248904514
2026-08-21,2026-08-20,機種,攻殻機動隊,フラフラ,フラフラ→ラフが隠れている→笑→笑い男,,,,https://sloslo-blog.hatenablog.com/entry/2026/08/22/070007,https://x.com/endo1maruhan/status/2090400999248904514
2026-08-22,2026-08-21,機種,いせかる,プラマイゼロ,プラマイゼロ→リゼロ→いせかる,3,3,600,https://sloslo-blog.hatenablog.com/entry/2026/08/23/073437,https://x.com/endo1maruhan/status/2090763506618708399
2026-08-22,2026-08-21,機種,うみねこ,軍資金,軍資金→金→黄金郷ボーナス,,,,https://sloslo-blog.hatenablog.com/entry/2026/08/23/073437,https://x.com/endo1maruhan/status/2090763506618708399
2026-08-22,2026-08-21,機種,グランベルム,トンカツ,トンカツ→トンカツマン,2,2,3050,https://sloslo-blog.hatenablog.com/entry/2026/08/23/073437,https://x.com/endo1maruhan/status/2090763506618708399
2026-08-22,2026-08-21,機種,ゴーゴージャグラー,8/22,8/22→22台設置,20,22,1877,https://sloslo-blog.hatenablog.com/entry/2026/08/23/073437,https://x.com/endo1maruhan/status/2090763506618708399
2026-08-22,2026-08-21,機種,マギレコ,8/22,8/22→環いろは誕生日,5,5,5800,https://sloslo-blog.hatenablog.com/entry/2026/08/23/073437,https://x.com/endo1maruhan/status/2090763506618708399
2026-08-22,2026-08-21,機種,喰霊零,プラマイゼロ,プラマイゼロ→零,2,3,4167,https://sloslo-blog.hatenablog.com/entry/2026/08/23/073437,https://x.com/endo1maruhan/status/2090763506618708399
2026-08-23,2026-08-22,機種,Lハナビ,アイスミルク,アイスミルク→アイス→氷,4,4,,https://sloslo-blog.hatenablog.com/entry/2026/08/24/072947,https://x.com/endo1maruhan/status/2091125837735358884
2026-08-23,2026-08-22,機種,Sこのすば,8/23,8/23→エスパス新宿歌舞伎町周年→お祝い,3,3,,https://sloslo-blog.hatenablog.com/entry/2026/08/24/072947,https://x.com/endo1maruhan/status/2091125837735358884
2026-08-23,2026-08-22,機種,ToLOVEる,チョコバッキー,チョコバッキー→緑だけど虎柄に見えなくもない→虎ぶっている,1,4,,https://sloslo-blog.hatenablog.com/entry/2026/08/24/072947,https://x.com/endo1maruhan/status/2091125837735358884
2026-08-23,2026-08-22,機種,からくり2,サンデー,サンデー→少年サンデー連載,23,27,,https://sloslo-blog.hatenablog.com/entry/2026/08/24/072947,https://x.com/endo1maruhan/status/2091125837735358884
2026-08-23,2026-08-22,機種,アニマルドッチ,洗濯物,洗濯物→選択→どっち,1,2,,https://sloslo-blog.hatenablog.com/entry/2026/08/24/072947,https://x.com/endo1maruhan/status/2091125837735358884
2026-08-23,2026-08-22,機種,ウルトラマン,最終日,最終日→最終決戦,2,2,,https://sloslo-blog.hatenablog.com/entry/2026/08/24/072947,https://x.com/endo1maruhan/status/2091125837735358884
2026-08-23,2026-08-22,機種,ゴージャグ3,明日も盛り上がりそう,明日も盛り上がりそう→昨日の全,21,22,,https://sloslo-blog.hatenablog.com/entry/2026/08/24/072947,https://x.com/endo1maruhan/status/2091125837735358884
2026-08-23,2026-08-22,機種,スタハナ,ダンち,ダンち→ポスターに☆,3,3,,https://sloslo-blog.hatenablog.com/entry/2026/08/24/072947,https://x.com/endo1maruhan/status/2091125837735358884
2026-08-23,2026-08-22,機種,ゾンサガ,パー,パー→パーマン,,,,https://sloslo-blog.hatenablog.com/entry/2026/08/24/072947,https://x.com/endo1maruhan/status/2091125837735358884
2026-08-23,2026-08-22,機種,ハッピー,8/23,8/23→エスパス新宿歌舞伎町周年→お祝い,6,7,,https://sloslo-blog.hatenablog.com/entry/2026/08/24/072947,https://x.com/endo1maruhan/status/2091125837735358884
2026-08-24,2026-08-23,機種,SAO,キリ,キリ→キリト,7,7,4500,https://sloslo-blog.hatenablog.com/entry/2026/08/25/074756,https://x.com/endo1maruhan/status/2091488290558124320
2026-08-24,2026-08-23,機種,SAO,ソーダ,ソーダ→ソード,7,7,4500,https://sloslo-blog.hatenablog.com/entry/2026/08/25/074756,https://x.com/endo1maruhan/status/2091488290558124320
2026-08-24,2026-08-23,機種,SAO,健康管理,健康管理→健→剣,7,7,4500,https://sloslo-blog.hatenablog.com/entry/2026/08/25/074756,https://x.com/endo1maruhan/status/2091488290558124320
2026-08-24,2026-08-23,機種,ToLOVEる,おやつ,おやつ→もぐもぐタイム→もぐもぐたい焼きタイム,3,4,2650,https://sloslo-blog.hatenablog.com/entry/2026/08/25/074756,https://x.com/endo1maruhan/status/2091488290558124320
2026-08-24,2026-08-23,機種,ToLOVEる,ぴったり,ぴったり→ピタピタくっつくん,3,4,2650,https://sloslo-blog.hatenablog.com/entry/2026/08/25/074756,https://x.com/endo1maruhan/status/2091488290558124320
2026-08-24,2026-08-23,機種,アイム,ファン感最終日,ファン感最終日→サイ,5,5,2520,https://sloslo-blog.hatenablog.com/entry/2026/08/25/074756,https://x.com/endo1maruhan/status/2091488290558124320
2026-08-24,2026-08-23,機種,アバサー,35g,35g→サンゴ,,,,https://sloslo-blog.hatenablog.com/entry/2026/08/25/074756,https://x.com/endo1maruhan/status/2091488290558124320
2026-08-24,2026-08-23,機種,カバネリ海門,AKAGI,AKAGI→赤城→城→甲鉄城,25,26,4415,https://sloslo-blog.hatenablog.com/entry/2026/08/25/074756,https://x.com/endo1maruhan/status/2091488290558124320
2026-08-24,2026-08-23,機種,カバネリ海門,青いお菓子と青いアイス置き方が「ト」,青いお菓子と青いアイス置き方が「ト」→アオいト→海門,25,26,4415,https://sloslo-blog.hatenablog.com/entry/2026/08/25/074756,https://x.com/endo1maruhan/status/2091488290558124320
2026-08-24,2026-08-23,機種,ハッピー,キリスティック,キリスティック→リス→おっぽ,6,7,1743,https://sloslo-blog.hatenablog.com/entry/2026/08/25/074756,https://x.com/endo1maruhan/status/2091488290558124320
2026-08-24,2026-08-23,機種,七つ魔,健康管理,健康管理→健→剣,,,,https://sloslo-blog.hatenablog.com/entry/2026/08/25/074756,https://x.com/endo1maruhan/status/2091488290558124320
2026-08-24,2026-08-23,機種,七つ魔,ソーダ,ソーダ→ソード,,,,https://sloslo-blog.hatenablog.com/entry/2026/08/25/074756,https://x.com/endo1maruhan/status/2091488290558124320
2026-08-24,2026-08-23,機種,番長ZERO,アイス,アイス→操恵パネル,,,,https://sloslo-blog.hatenablog.com/entry/2026/08/25/074756,https://x.com/endo1maruhan/status/2091488290558124320
2026-08-25,2026-08-24,機種,ゴージャグ3,NISSIN,NISSIN→NI55IN→55,20,22,2118,https://sloslo-blog.hatenablog.com/entry/2026/08/26/072530,https://x.com/endo1maruhan/status/2091850550140907725
2026-08-25,2026-08-24,機種,サンダーV,8/25,8/25→ラーメンマンBD→サンダードーム・ネックツリー,2,3,600,https://sloslo-blog.hatenablog.com/entry/2026/08/26/072530,https://x.com/endo1maruhan/status/2091850550140907725
2026-08-25,2026-08-24,機種,ドラハナ,8/25,8/25→ラーメンマンBD→回転龍尾脚→龍,11,11,2455,https://sloslo-blog.hatenablog.com/entry/2026/08/26/072530,https://x.com/endo1maruhan/status/2091850550140907725
2026-08-25,2026-08-24,機種,北斗,日清,日清→シン,8,8,3000,https://sloslo-blog.hatenablog.com/entry/2026/08/26/072530,https://x.com/endo1maruhan/status/2091850550140907725
2026-08-25,2026-08-24,機種,北斗,オイル,オイル→オイルショック→SHOCK→北斗,8,8,3000,https://sloslo-blog.hatenablog.com/entry/2026/08/26/072530,https://x.com/endo1maruhan/status/2091850550140907725
2026-08-25,2026-08-24,機種,禁書目録2,マジックカット（カップの上のオイルの袋、切り口がなくても袋をどこからでも手で簡単に開けられる包装フィルム）,マジックカット（カップの上のオイルの袋、切り口がなくても袋をどこからでも手で簡単に開けられる包装フィルム）→魔術,4,5,6440,https://sloslo-blog.hatenablog.com/entry/2026/08/26/072530,https://x.com/endo1maruhan/status/2091850550140907725
